<?xml version="1.0" encoding="utf-8"?><gpx version="1.1" creator="MySchweizMobil - https://map.schweizmobil.ch/" xmlns:xsi="http://www.w3.org/2001/XMLSchema-instance" xmlns="http://www.topografix.com/GPX/1/1" xsi:schemaLocation="http://www.topografix.com/GPX/1/1 http://www.topografix.com/GPX/1/1/gpx.xsd"><metadata><name>Marche ETML 2026 Final</name><bounds minlat="46.469570100307465" minlon="6.7280900636687875" maxlat="46.4913100968115" maxlon="6.847250074148178" /></metadata><trk><name>Marche ETML 2026 Final</name><trkseg><trkpt lat="46.48903009481728" lon="6.7280900636687875"><ele>388.0899963378906</ele></trkpt><trkpt lat="46.489100094884634" lon="6.728400063700974"><ele>388.54998779296875</ele></trkpt><trkpt lat="46.48921009525657" lon="6.728800063952804"><ele>390.22998046875</ele></trkpt><trkpt lat="46.48930009547621" lon="6.729080064222217"><ele>391.25</ele></trkpt><trkpt lat="46.489400095772" lon="6.72934006433934"><ele>392.0899963378906</ele></trkpt><trkpt lat="46.48953009583056" lon="6.729690064210445"><ele>392.22998046875</ele></trkpt><trkpt lat="46.489710095804185" lon="6.730180064216256"><ele>392.17999267578125</ele></trkpt><trkpt lat="46.4898300957866" lon="6.730510063935071"><ele>391.9399719238281</ele></trkpt><trkpt lat="46.489880095701665" lon="6.730650064069778"><ele>392.29998779296875</ele></trkpt><trkpt lat="46.49001009622589" lon="6.7309700646437705"><ele>394.40997314453125</ele></trkpt><trkpt lat="46.490070096217096" lon="6.731150064617395"><ele>395.1099853515625</ele></trkpt><trkpt lat="46.49010009644553" lon="6.731240064371377"><ele>395.0699768066406</ele></trkpt><trkpt lat="46.490150096360594" lon="6.731340064667165"><ele>394.90997314453125</ele></trkpt><trkpt lat="46.49023009650409" lon="6.731450064573437"><ele>394.8599853515625</ele></trkpt><trkpt lat="46.49029009602964" lon="6.731720064301044"><ele>393.8499755859375</ele></trkpt><trkpt lat="46.49051009537652" lon="6.732590063940734"><ele>390.8299865722656</ele></trkpt><trkpt lat="46.49057009536773" lon="6.732870063744485"><ele>390.3699951171875</ele></trkpt><trkpt lat="46.49062009528279" lon="6.733220064081252"><ele>389.97998046875</ele></trkpt><trkpt lat="46.490730095189065" lon="6.733550063800067"><ele>390.0799865722656</ele></trkpt><trkpt lat="46.49085009563714" lon="6.733940063975751"><ele>390.25</ele></trkpt><trkpt lat="46.49093009531498" lon="6.734220063779503"><ele>390.3999938964844</ele></trkpt><trkpt lat="46.49097009561956" lon="6.7343800640664995"><ele>390.4599914550781</ele></trkpt><trkpt lat="46.490980095695704" lon="6.734430063981563"><ele>390.54998779296875</ele></trkpt><trkpt lat="46.490980095695704" lon="6.734440064057708"><ele>390.55999755859375</ele></trkpt><trkpt lat="46.49100009538233" lon="6.734560064040124"><ele>390.65997314453125</ele></trkpt><trkpt lat="46.49104009568691" lon="6.734810064081103"><ele>390.8199768066406</ele></trkpt><trkpt lat="46.49108009552583" lon="6.735130064189434"><ele>391.03997802734375</ele></trkpt><trkpt lat="46.491110095754266" lon="6.735230064019561"><ele>391.0999755859375</ele></trkpt><trkpt lat="46.49114009551704" lon="6.735310064163059"><ele>391.2599792480469</ele></trkpt><trkpt lat="46.49120009550825" lon="6.735440064221621"><ele>391.8599853515625</ele></trkpt><trkpt lat="46.49125009588897" lon="6.735560064204037"><ele>392.6399841308594</ele></trkpt><trkpt lat="46.49128009611741" lon="6.735680064186454"><ele>393.3899841308594</ele></trkpt><trkpt lat="46.49129009619355" lon="6.73588006477803"><ele>394.6499938964844</ele></trkpt><trkpt lat="46.49129009665921" lon="6.7360700648278"><ele>395.8299865722656</ele></trkpt><trkpt lat="46.49129009665921" lon="6.7362800650298595"><ele>397.1199951171875</ele></trkpt><trkpt lat="46.49130009673536" lon="6.736400065012276"><ele>397.90997314453125</ele></trkpt><trkpt lat="46.49130009720102" lon="6.736500064842403"><ele>398.3399963378906</ele></trkpt><trkpt lat="46.49130009720102" lon="6.736500064842403"><ele>398.3399963378906</ele></trkpt><trkpt lat="46.49130009720102" lon="6.736500064842403"><ele>398.29998779296875</ele></trkpt><trkpt lat="46.4913100968115" lon="6.736700064968318"><ele>398.1999816894531</ele></trkpt><trkpt lat="46.4913100968115" lon="6.737340065184981"><ele>397.8599853515625</ele></trkpt><trkpt lat="46.4913100968115" lon="6.7374300649389625"><ele>398.0</ele></trkpt><trkpt lat="46.4913100968115" lon="6.737560064997524"><ele>398.1999816894531</ele></trkpt><trkpt lat="46.49128009704873" lon="6.737670064903796"><ele>398.3299865722656</ele></trkpt><trkpt lat="46.49126009689644" lon="6.737770065199584"><ele>398.5</ele></trkpt><trkpt lat="46.49124009720981" lon="6.737940065097064"><ele>398.65997314453125</ele></trkpt><trkpt lat="46.49119009729475" lon="6.7383300652727485"><ele>399.0999755859375</ele></trkpt><trkpt lat="46.491140097379684" lon="6.738590065389872"><ele>399.469970703125</ele></trkpt><trkpt lat="46.49113009730354" lon="6.738640065304935"><ele>399.5</ele></trkpt><trkpt lat="46.49107009731233" lon="6.738850065506995"><ele>400.0</ele></trkpt><trkpt lat="46.49107009731233" lon="6.738850065506995"><ele>400.0199890136719</ele></trkpt><trkpt lat="46.491060097236186" lon="6.7389400652609766"><ele>400.29998779296875</ele></trkpt><trkpt lat="46.49106009770185" lon="6.739040065556765"><ele>400.989990234375</ele></trkpt><trkpt lat="46.49107009777799" lon="6.739120065700263"><ele>401.6999816894531</ele></trkpt><trkpt lat="46.49104009754956" lon="6.739180065691471"><ele>402.0</ele></trkpt><trkpt lat="46.491030097939074" lon="6.7392000653781"><ele>402.239990234375</ele></trkpt><trkpt lat="46.491010097786784" lon="6.739240065682679"><ele>402.5999755859375</ele></trkpt><trkpt lat="46.490990098100156" lon="6.739300065673888"><ele>403.219970703125</ele></trkpt><trkpt lat="46.49097009841353" lon="6.739380065817386"><ele>404.29998779296875</ele></trkpt><trkpt lat="46.49096009833738" lon="6.739440065808594"><ele>404.8699951171875</ele></trkpt><trkpt lat="46.49094009865075" lon="6.739530066028237"><ele>405.79998779296875</ele></trkpt><trkpt lat="46.490920098498464" lon="6.7396100661717355"><ele>406.6199951171875</ele></trkpt><trkpt lat="46.49091009888798" lon="6.739630066324025"><ele>406.8999938964844</ele></trkpt><trkpt lat="46.49091009888798" lon="6.739650066010654"><ele>407.0</ele></trkpt><trkpt lat="46.49091009888798" lon="6.739700066391379"><ele>407.3999938964844</ele></trkpt><trkpt lat="46.49091009935364" lon="6.739920066669583"><ele>408.8999938964844</ele></trkpt><trkpt lat="46.490900099277496" lon="6.739970066584647"><ele>409.15997314453125</ele></trkpt><trkpt lat="46.490900099277496" lon="6.740010066423565"><ele>409.3999938964844</ele></trkpt><trkpt lat="46.49088009912521" lon="6.740100066643208"><ele>409.6999816894531</ele></trkpt><trkpt lat="46.49080009944737" lon="6.740510066971183"><ele>411.0999755859375</ele></trkpt><trkpt lat="46.49075009999797" lon="6.740730066783726"><ele>412.0999755859375</ele></trkpt><trkpt lat="46.49071010015905" lon="6.740950067061931"><ele>413.5</ele></trkpt><trkpt lat="46.490700100082904" lon="6.741000066976994"><ele>413.739990234375</ele></trkpt><trkpt lat="46.490660100243986" lon="6.741330067161471"><ele>414.6899719238281</ele></trkpt><trkpt lat="46.490640100091696" lon="6.741470067296177"><ele>414.6999816894531</ele></trkpt><trkpt lat="46.49061009986326" lon="6.741790066938847"><ele>412.0</ele></trkpt><trkpt lat="46.490600099321455" lon="6.742150066420436"><ele>409.0</ele></trkpt><trkpt lat="46.49059009877965" lon="6.742410066537559"><ele>408.28997802734375</ele></trkpt><trkpt lat="46.49059009877965" lon="6.742530066519976"><ele>408.29998779296875</ele></trkpt><trkpt lat="46.49059009924531" lon="6.742610066663474"><ele>408.6099853515625</ele></trkpt><trkpt lat="46.49057009955868" lon="6.74292006669566"><ele>410.29998779296875</ele></trkpt><trkpt lat="46.49057009955868" lon="6.742970066610724"><ele>410.4399719238281</ele></trkpt><trkpt lat="46.49057009955868" lon="6.743020066525787"><ele>410.5999755859375</ele></trkpt><trkpt lat="46.49057009955868" lon="6.743030066601932"><ele>410.6499938964844</ele></trkpt><trkpt lat="46.490560099482536" lon="6.7430700664408505"><ele>410.1999816894531</ele></trkpt><trkpt lat="46.49054009933025" lon="6.743120066821575"><ele>409.79998779296875</ele></trkpt><trkpt lat="46.49054009933025" lon="6.743120066821575"><ele>409.7099914550781</ele></trkpt><trkpt lat="46.490560099482536" lon="6.743140066508204"><ele>409.6999816894531</ele></trkpt><trkpt lat="46.490580099634826" lon="6.743190066888928"><ele>410.3999938964844</ele></trkpt><trkpt lat="46.4906100993976" lon="6.743270067032427"><ele>411.3999938964844</ele></trkpt><trkpt lat="46.49063009954989" lon="6.7433500667102635"><ele>412.0999755859375</ele></trkpt><trkpt lat="46.490640100091696" lon="6.743410067167133"><ele>412.72998046875</ele></trkpt><trkpt lat="46.490660100243986" lon="6.743500066921115"><ele>413.6999816894531</ele></trkpt><trkpt lat="46.49067010032013" lon="6.74353006714955"><ele>414.1899719238281</ele></trkpt><trkpt lat="46.490680100396276" lon="6.7435700674541295"><ele>414.8999938964844</ele></trkpt><trkpt lat="46.49069010047242" lon="6.743620067369193"><ele>415.1999816894531</ele></trkpt><trkpt lat="46.490680100396276" lon="6.743770067580044"><ele>416.0799865722656</ele></trkpt><trkpt lat="46.490680100396276" lon="6.743780067656189"><ele>416.0999755859375</ele></trkpt><trkpt lat="46.49068010086194" lon="6.743860067799687"><ele>417.8899841308594</ele></trkpt><trkpt lat="46.49069010140374" lon="6.743930067867041"><ele>419.3999938964844</ele></trkpt><trkpt lat="46.4906801013276" lon="6.74397006817162"><ele>420.6999816894531</ele></trkpt><trkpt lat="46.49070010147989" lon="6.74399006832391"><ele>421.0999755859375</ele></trkpt><trkpt lat="46.49076010240242" lon="6.744020068552345"><ele>425.29998779296875</ele></trkpt><trkpt lat="46.49076010240242" lon="6.74403006862849"><ele>425.2099914550781</ele></trkpt><trkpt lat="46.49076010240242" lon="6.74403006862849"><ele>425.3399963378906</ele></trkpt><trkpt lat="46.49076010240242" lon="6.74405006878078"><ele>425.5</ele></trkpt><trkpt lat="46.49074010271579" lon="6.74409006908536"><ele>427.29998779296875</ele></trkpt><trkpt lat="46.490730102639645" lon="6.744120068848133"><ele>427.5999755859375</ele></trkpt><trkpt lat="46.49082010332495" lon="6.744300069287419"><ele>429.91998291015625</ele></trkpt><trkpt lat="46.490850103553385" lon="6.744370069354773"><ele>430.8999938964844</ele></trkpt><trkpt lat="46.49088010378182" lon="6.744420069269836"><ele>431.1499938964844</ele></trkpt><trkpt lat="46.49094010377303" lon="6.744540069717914"><ele>431.8999938964844</ele></trkpt><trkpt lat="46.49101010384038" lon="6.744680069386959"><ele>432.22998046875</ele></trkpt><trkpt lat="46.491020103916526" lon="6.744690069463104"><ele>432.1999816894531</ele></trkpt><trkpt lat="46.490960103459656" lon="6.744710069615394"><ele>431.0999755859375</ele></trkpt><trkpt lat="46.490960103459656" lon="6.744710069615394"><ele>431.0799865722656</ele></trkpt><trkpt lat="46.4908901033923" lon="6.744780069217086"><ele>429.5999755859375</ele></trkpt><trkpt lat="46.49086010316387" lon="6.744820069056004"><ele>429.0999755859375</ele></trkpt><trkpt lat="46.49083010293543" lon="6.744870068971068"><ele>428.6499938964844</ele></trkpt><trkpt lat="46.49082010285929" lon="6.7448900691233575"><ele>428.5099792480469</ele></trkpt><trkpt lat="46.49082010285929" lon="6.7449000691995025"><ele>428.5</ele></trkpt><trkpt lat="46.49081010278314" lon="6.744960069190711"><ele>428.3499755859375</ele></trkpt><trkpt lat="46.490790103096515" lon="6.7450700690969825"><ele>428.0999755859375</ele></trkpt><trkpt lat="46.49078010302037" lon="6.745140069164336"><ele>428.16998291015625</ele></trkpt><trkpt lat="46.49076010286808" lon="6.745210069231689"><ele>428.1999816894531</ele></trkpt><trkpt lat="46.49074010318145" lon="6.745330069214106"><ele>428.3999938964844</ele></trkpt><trkpt lat="46.49073010310531" lon="6.745430069044232"><ele>428.5999755859375</ele></trkpt><trkpt lat="46.49073010310531" lon="6.745570069178939"><ele>428.67999267578125</ele></trkpt><trkpt lat="46.49073010310531" lon="6.745590069331229"><ele>428.79998779296875</ele></trkpt><trkpt lat="46.49071010295302" lon="6.7457000692375"><ele>428.8499755859375</ele></trkpt><trkpt lat="46.49070010287687" lon="6.745740069076419"><ele>428.75</ele></trkpt><trkpt lat="46.49069010326639" lon="6.745800069067627"><ele>428.5999755859375</ele></trkpt><trkpt lat="46.49066010303795" lon="6.7458600690588355"><ele>428.16998291015625</ele></trkpt><trkpt lat="46.49065010296181" lon="6.745900068897754"><ele>427.8999938964844</ele></trkpt><trkpt lat="46.49057010235265" lon="6.746050068642944"><ele>426.1999816894531</ele></trkpt><trkpt lat="46.4904201021418" lon="6.746280068531632"><ele>424.6999816894531</ele></trkpt><trkpt lat="46.490410102531314" lon="6.746310068760067"><ele>424.8699951171875</ele></trkpt><trkpt lat="46.49036010261625" lon="6.746400068514049"><ele>425.3999938964844</ele></trkpt><trkpt lat="46.49027010286227" lon="6.7465400686487556"><ele>426.79998779296875</ele></trkpt><trkpt lat="46.490160102956" lon="6.746740069240332"><ele>428.0</ele></trkpt><trkpt lat="46.490160102956" lon="6.746740069240332"><ele>428.0099792480469</ele></trkpt><trkpt lat="46.49006010266021" lon="6.746910069137812"><ele>427.5</ele></trkpt><trkpt lat="46.489990102592856" lon="6.747040068730712"><ele>426.1999816894531</ele></trkpt><trkpt lat="46.489970102440566" lon="6.74710006872192"><ele>425.65997314453125</ele></trkpt><trkpt lat="46.489930102135986" lon="6.747210068628192"><ele>424.5999755859375</ele></trkpt><trkpt lat="46.48987010214478" lon="6.7473400686867535"><ele>424.5</ele></trkpt><trkpt lat="46.489690102636814" lon="6.74782006861642"><ele>426.0</ele></trkpt><trkpt lat="46.48966010287404" lon="6.747910068836063"><ele>426.92999267578125</ele></trkpt><trkpt lat="46.489650102797896" lon="6.747930068988353"><ele>427.1999816894531</ele></trkpt><trkpt lat="46.489580103196204" lon="6.748130069114268"><ele>428.8999938964844</ele></trkpt><trkpt lat="46.48955010343343" lon="6.748190069105476"><ele>429.3999938964844</ele></trkpt><trkpt lat="46.48953010328114" lon="6.748310069553554"><ele>430.1999816894531</ele></trkpt><trkpt lat="46.48949010344222" lon="6.748550069518387"><ele>431.2099914550781</ele></trkpt><trkpt lat="46.48944010399282" lon="6.748940069694072"><ele>434.1999816894531</ele></trkpt><trkpt lat="46.489430104382336" lon="6.749030069913715"><ele>435.0299987792969</ele></trkpt><trkpt lat="46.48941010469571" lon="6.749130070209503"><ele>436.0999755859375</ele></trkpt><trkpt lat="46.48939010454342" lon="6.749260070268065"><ele>436.5</ele></trkpt><trkpt lat="46.48937010485679" lon="6.749330070335418"><ele>436.5999755859375</ele></trkpt><trkpt lat="46.489340104628354" lon="6.749410070013255"><ele>436.6999816894531</ele></trkpt><trkpt lat="46.489300104789436" lon="6.7495300699956715"><ele>436.79998779296875</ele></trkpt><trkpt lat="46.48929010471329" lon="6.749560070224106"><ele>436.8299865722656</ele></trkpt><trkpt lat="46.489270104561" lon="6.74961007013917"><ele>436.8999938964844</ele></trkpt><trkpt lat="46.48923010472208" lon="6.749700070358813"><ele>437.0</ele></trkpt><trkpt lat="46.4891401049681" lon="6.74980007018894"><ele>437.0999755859375</ele></trkpt><trkpt lat="46.48910010466352" lon="6.749830070417374"><ele>437.15997314453125</ele></trkpt><trkpt lat="46.48905010474846" lon="6.749870070256293"><ele>437.1999816894531</ele></trkpt><trkpt lat="46.488980104681104" lon="6.749910070095211"><ele>437.3999938964844</ele></trkpt><trkpt lat="46.48890010500327" lon="6.749950070399791"><ele>437.6999816894531</ele></trkpt><trkpt lat="46.488850105088204" lon="6.7499800701625645"><ele>437.9499816894531</ele></trkpt><trkpt lat="46.488770104944706" lon="6.750040070619434"><ele>438.3999938964844</ele></trkpt><trkpt lat="46.48872010502964" lon="6.7500900705344975"><ele>438.6999816894531</ele></trkpt><trkpt lat="46.4887101049535" lon="6.750110070686787"><ele>438.8199768066406</ele></trkpt><trkpt lat="46.488660105038434" lon="6.750170070677996"><ele>439.0999755859375</ele></trkpt><trkpt lat="46.48857010528445" lon="6.750310070347041"><ele>439.30999755859375</ele></trkpt><trkpt lat="46.48852010536939" lon="6.750370070338249"><ele>439.29998779296875</ele></trkpt><trkpt lat="46.488470104988664" lon="6.750460070557892"><ele>439.0</ele></trkpt><trkpt lat="46.488430105149746" lon="6.7505400707013905"><ele>438.79998779296875</ele></trkpt><trkpt lat="46.488390104845166" lon="6.7507100705988705"><ele>438.3399963378906</ele></trkpt><trkpt lat="46.48837010515854" lon="6.750760070513934"><ele>438.1999816894531</ele></trkpt><trkpt lat="46.48836010508239" lon="6.750840070191771"><ele>437.8699951171875</ele></trkpt><trkpt lat="46.48835010500625" lon="6.750910070259124"><ele>437.5999755859375</ele></trkpt><trkpt lat="46.48834010446444" lon="6.751020070165396"><ele>436.79998779296875</ele></trkpt><trkpt lat="46.4883301043883" lon="6.751110070385039"><ele>436.2599792480469</ele></trkpt><trkpt lat="46.48832010431215" lon="6.751140070147812"><ele>436.0</ele></trkpt><trkpt lat="46.48832010431215" lon="6.751150070223957"><ele>435.969970703125</ele></trkpt><trkpt lat="46.48831010470167" lon="6.7512200702913105"><ele>435.79998779296875</ele></trkpt><trkpt lat="46.48830010462552" lon="6.751260070130229"><ele>435.6899719238281</ele></trkpt><trkpt lat="46.48826010432094" lon="6.751370070036501"><ele>435.40997314453125</ele></trkpt><trkpt lat="46.48824010416865" lon="6.751430070027709"><ele>435.29998779296875</ele></trkpt><trkpt lat="46.48821010440588" lon="6.7514700698666275"><ele>435.1199951171875</ele></trkpt><trkpt lat="46.488200104329735" lon="6.751500070095062"><ele>435.0299987792969</ele></trkpt><trkpt lat="46.4881701041013" lon="6.751550070010126"><ele>434.8999938964844</ele></trkpt><trkpt lat="46.48812010418624" lon="6.751630070153624"><ele>434.5999755859375</ele></trkpt><trkpt lat="46.48806010419503" lon="6.751700070220977"><ele>435.42999267578125</ele></trkpt><trkpt lat="46.488050104584545" lon="6.751700070220977"><ele>435.5</ele></trkpt><trkpt lat="46.48801010474563" lon="6.751800070051104"><ele>436.5</ele></trkpt><trkpt lat="46.48798010451719" lon="6.751870070118457"><ele>437.0299987792969</ele></trkpt><trkpt lat="46.48796010483056" lon="6.751970070414245"><ele>437.5</ele></trkpt><trkpt lat="46.48794010467827" lon="6.7520200703293085"><ele>437.8999938964844</ele></trkpt><trkpt lat="46.487920104991645" lon="6.752120070625097"><ele>438.2099914550781</ele></trkpt><trkpt lat="46.487920104991645" lon="6.752120070625097"><ele>438.1999816894531</ele></trkpt><trkpt lat="46.4879101049155" lon="6.75215007038787"><ele>438.1399841308594</ele></trkpt><trkpt lat="46.48778010485694" lon="6.752390070352703"><ele>437.5</ele></trkpt><trkpt lat="46.48772010486573" lon="6.752460070420057"><ele>437.2599792480469</ele></trkpt><trkpt lat="46.487670104485005" lon="6.7525400700978935"><ele>437.0199890136719</ele></trkpt><trkpt lat="46.48763010464609" lon="6.752600070089102"><ele>436.79998779296875</ele></trkpt><trkpt lat="46.48757010465488" lon="6.7527100699953735"><ele>436.489990234375</ele></trkpt><trkpt lat="46.4874501042068" lon="6.752960070036352"><ele>435.6399841308594</ele></trkpt><trkpt lat="46.48739010421559" lon="6.753080070018768"><ele>434.8999938964844</ele></trkpt><trkpt lat="46.487330104224384" lon="6.753200070001185"><ele>433.8999938964844</ele></trkpt><trkpt lat="46.48716010386124" lon="6.753480069804937"><ele>431.72998046875</ele></trkpt><trkpt lat="46.487080103717744" lon="6.753620069473982"><ele>431.8999938964844</ele></trkpt><trkpt lat="46.487020103726536" lon="6.75372006976977"><ele>432.3999938964844</ele></trkpt><trkpt lat="46.48696010420099" lon="6.7538500698283315"><ele>434.0</ele></trkpt><trkpt lat="46.486890104133636" lon="6.754000070039183"><ele>435.0999755859375</ele></trkpt><trkpt lat="46.48685010429472" lon="6.754060070030391"><ele>435.5999755859375</ele></trkpt><trkpt lat="46.48684010421857" lon="6.754080070182681"><ele>435.65997314453125</ele></trkpt><trkpt lat="46.4868101044558" lon="6.754110069945455"><ele>436.0099792480469</ele></trkpt><trkpt lat="46.48675010446459" lon="6.754190070088953"><ele>436.66998291015625</ele></trkpt><trkpt lat="46.48672010470182" lon="6.754220070317388"><ele>437.0</ele></trkpt><trkpt lat="46.48658010503277" lon="6.754380070604384"><ele>438.0</ele></trkpt><trkpt lat="46.48654010472819" lon="6.7544100703671575"><ele>437.92999267578125</ele></trkpt><trkpt lat="46.48635010467842" lon="6.7545800702646375"><ele>436.6999816894531</ele></trkpt><trkpt lat="46.4859301042743" lon="6.754970069974661"><ele>434.3999938964844</ele></trkpt><trkpt lat="46.485870104283094" lon="6.755040070042014"><ele>434.29998779296875</ele></trkpt><trkpt lat="46.485830103978515" lon="6.755100070033222"><ele>434.3699951171875</ele></trkpt><trkpt lat="46.485830103978515" lon="6.755120070185512"><ele>434.3999938964844</ele></trkpt><trkpt lat="46.48576010437682" lon="6.755250070244074"><ele>435.0</ele></trkpt><trkpt lat="46.48550010519102" lon="6.755800070706755"><ele>440.0999755859375</ele></trkpt><trkpt lat="46.485480105504394" lon="6.75583007093519"><ele>440.3199768066406</ele></trkpt><trkpt lat="46.485460105352104" lon="6.755880070850253"><ele>440.5999755859375</ele></trkpt><trkpt lat="46.48545010527596" lon="6.755900071002543"><ele>440.7099914550781</ele></trkpt><trkpt lat="46.485440105665475" lon="6.7559200706891716"><ele>440.79998779296875</ele></trkpt><trkpt lat="46.485440105665475" lon="6.7559300707653165"><ele>440.7699890136719</ele></trkpt><trkpt lat="46.48541010543704" lon="6.75602007098496"><ele>440.8999938964844</ele></trkpt><trkpt lat="46.48536010552198" lon="6.7561000706627965"><ele>441.0</ele></trkpt><trkpt lat="46.485250105615705" lon="6.756350071169436"><ele>442.6999816894531</ele></trkpt><trkpt lat="46.48521010577679" lon="6.756420071236789"><ele>443.0</ele></trkpt><trkpt lat="46.485140105709434" lon="6.756510070990771"><ele>443.0</ele></trkpt><trkpt lat="46.48513010609895" lon="6.756520071066916"><ele>443.0</ele></trkpt><trkpt lat="46.484930105973035" lon="6.756750071421266"><ele>443.6999816894531</ele></trkpt><trkpt lat="46.48490010621026" lon="6.756790071260184"><ele>443.6099853515625</ele></trkpt><trkpt lat="46.48487010598183" lon="6.756860071327537"><ele>443.8299865722656</ele></trkpt><trkpt lat="46.48486010590568" lon="6.756880071014166"><ele>443.8999938964844</ele></trkpt><trkpt lat="46.484780105762184" lon="6.757070071063936"><ele>443.5</ele></trkpt><trkpt lat="46.484740105923265" lon="6.757140071131289"><ele>443.42999267578125</ele></trkpt><trkpt lat="46.484740105923265" lon="6.757140071131289"><ele>443.4399719238281</ele></trkpt><trkpt lat="46.48462010594085" lon="6.757300071418285"><ele>443.6999816894531</ele></trkpt><trkpt lat="46.48460010578856" lon="6.757340071257204"><ele>443.719970703125</ele></trkpt><trkpt lat="46.48447010619566" lon="6.757520071230829"><ele>444.0</ele></trkpt><trkpt lat="46.48447010619566" lon="6.757530071306974"><ele>444.0699768066406</ele></trkpt><trkpt lat="46.484230106230825" lon="6.75784007133916"><ele>444.1399841308594</ele></trkpt><trkpt lat="46.484210106078535" lon="6.757870071101934"><ele>444.0999755859375</ele></trkpt><trkpt lat="46.48413010593504" lon="6.757950071245432"><ele>443.5</ele></trkpt><trkpt lat="46.48403010563925" lon="6.758020070847124"><ele>442.28997802734375</ele></trkpt><trkpt lat="46.48401010548696" lon="6.758030070923269"><ele>441.8999938964844</ele></trkpt><trkpt lat="46.48390010558069" lon="6.758110071066767"><ele>441.1899719238281</ele></trkpt><trkpt lat="46.4838801054284" lon="6.758130070753396"><ele>441.0999755859375</ele></trkpt><trkpt lat="46.483830105513334" lon="6.758190070744604"><ele>441.1999816894531</ele></trkpt><trkpt lat="46.48382010543719" lon="6.758210070896894"><ele>441.2699890136719</ele></trkpt><trkpt lat="46.48378010559827" lon="6.758270070888102"><ele>441.5</ele></trkpt><trkpt lat="46.483770105522126" lon="6.758300071116537"><ele>441.65997314453125</ele></trkpt><trkpt lat="46.48374010575935" lon="6.758340070955455"><ele>441.8999938964844</ele></trkpt><trkpt lat="46.48372010560706" lon="6.758390070870519"><ele>442.239990234375</ele></trkpt><trkpt lat="46.48371010553092" lon="6.7584100710228086"><ele>442.3999938964844</ele></trkpt><trkpt lat="46.483660105615854" lon="6.758510071318597"><ele>442.79998779296875</ele></trkpt><trkpt lat="46.483600105624646" lon="6.7585900709964335"><ele>442.8999938964844</ele></trkpt><trkpt lat="46.483470106031746" lon="6.75873007113114"><ele>443.04998779296875</ele></trkpt><trkpt lat="46.48335010604933" lon="6.758860071189702"><ele>443.1999816894531</ele></trkpt><trkpt lat="46.48299010610208" lon="6.759270071052015"><ele>443.79998779296875</ele></trkpt><trkpt lat="46.48287010611966" lon="6.759400071110576"><ele>444.0999755859375</ele></trkpt><trkpt lat="46.48267010599375" lon="6.7596600712276995"><ele>444.0999755859375</ele></trkpt><trkpt lat="46.48261010600254" lon="6.759740071371198"><ele>443.8999938964844</ele></trkpt><trkpt lat="46.48257010616362" lon="6.759780071210116"><ele>443.7699890136719</ele></trkpt><trkpt lat="46.48248010594398" lon="6.759880071040243"><ele>443.5</ele></trkpt><trkpt lat="46.48226010566577" lon="6.760130071081221"><ele>443.0999755859375</ele></trkpt><trkpt lat="46.482220105826855" lon="6.760170071385801"><ele>443.05999755859375</ele></trkpt><trkpt lat="46.482200105674565" lon="6.760190071072429"><ele>443.0</ele></trkpt><trkpt lat="46.482180105987936" lon="6.760200071148574"><ele>443.0199890136719</ele></trkpt><trkpt lat="46.48214010568336" lon="6.760220071300864"><ele>443.0</ele></trkpt><trkpt lat="46.48212010599673" lon="6.760240070987493"><ele>442.90997314453125</ele></trkpt><trkpt lat="46.48206010600552" lon="6.760290070902556"><ele>442.7599792480469</ele></trkpt><trkpt lat="46.482050105929375" lon="6.760300070978701"><ele>442.6999816894531</ele></trkpt><trkpt lat="46.482010105624795" lon="6.760380071122199"><ele>442.1999816894531</ele></trkpt><trkpt lat="46.48189010517672" lon="6.760540070943534"><ele>440.3399963378906</ele></trkpt><trkpt lat="46.48181010503322" lon="6.760640070773661"><ele>439.6999816894531</ele></trkpt><trkpt lat="46.48175010504201" lon="6.760730070527643"><ele>439.8999938964844</ele></trkpt><trkpt lat="46.48174010543153" lon="6.760750070679933"><ele>439.989990234375</ele></trkpt><trkpt lat="46.48170010512695" lon="6.760810070671141"><ele>440.29998779296875</ele></trkpt><trkpt lat="46.48166010575369" lon="6.760930071119219"><ele>441.3999938964844</ele></trkpt><trkpt lat="46.4816401056014" lon="6.761010070797056"><ele>441.8899841308594</ele></trkpt><trkpt lat="46.48162010591477" lon="6.761070071253926"><ele>442.29998779296875</ele></trkpt><trkpt lat="46.481480105780065" lon="6.761330071371049"><ele>442.80999755859375</ele></trkpt><trkpt lat="46.48134010564536" lon="6.7616000710986555"><ele>441.8199768066406</ele></trkpt><trkpt lat="46.481290105730295" lon="6.761700070928782"><ele>441.29998779296875</ele></trkpt><trkpt lat="46.48122010519728" lon="6.761820070911199"><ele>440.6999816894531</ele></trkpt><trkpt lat="46.48116010520607" lon="6.761890070978552"><ele>440.3799743652344</ele></trkpt><trkpt lat="46.4811301054433" lon="6.761920070741326"><ele>440.1999816894531</ele></trkpt><trkpt lat="46.481060105375946" lon="6.762040070723742"><ele>439.6999816894531</ele></trkpt><trkpt lat="46.481000104919076" lon="6.762170070782304"><ele>439.1299743652344</ele></trkpt><trkpt lat="46.48099010484293" lon="6.762200070545077"><ele>439.0</ele></trkpt><trkpt lat="46.48088010493666" lon="6.762400070670992"><ele>439.3299865722656</ele></trkpt><trkpt lat="46.48082010494545" lon="6.762500070501119"><ele>439.3999938964844</ele></trkpt><trkpt lat="46.48078010510653" lon="6.762610070873052"><ele>439.5099792480469</ele></trkpt><trkpt lat="46.48056010482833" lon="6.763140070717782"><ele>440.0999755859375</ele></trkpt><trkpt lat="46.48053010459989" lon="6.763190070632845"><ele>439.8799743652344</ele></trkpt><trkpt lat="46.48050010483712" lon="6.763270070776343"><ele>439.1999816894531</ele></trkpt><trkpt lat="46.48046010453254" lon="6.763340070378035"><ele>438.5099792480469</ele></trkpt><trkpt lat="46.48036010423675" lon="6.763510070275515"><ele>436.5999755859375</ele></trkpt><trkpt lat="46.48031010385603" lon="6.763560070190579"><ele>435.8699951171875</ele></trkpt><trkpt lat="46.48023010371253" lon="6.7636500699445605"><ele>434.6999816894531</ele></trkpt><trkpt lat="46.480120103340596" lon="6.763790070079267"><ele>433.0999755859375</ele></trkpt><trkpt lat="46.48008010350168" lon="6.76384006999433"><ele>432.5999755859375</ele></trkpt><trkpt lat="46.48007010342553" lon="6.763860069680959"><ele>432.3799743652344</ele></trkpt><trkpt lat="46.48003010312095" lon="6.763930069748312"><ele>431.6999816894531</ele></trkpt><trkpt lat="46.4799601030536" lon="6.764100069645792"><ele>430.5</ele></trkpt><trkpt lat="46.47994010290131" lon="6.764150069560856"><ele>430.3799743652344</ele></trkpt><trkpt lat="46.479910102672875" lon="6.764210069552064"><ele>430.29998779296875</ele></trkpt><trkpt lat="46.47987010283396" lon="6.764280069619417"><ele>430.54998779296875</ele></trkpt><trkpt lat="46.47986010275781" lon="6.764280069619417"><ele>430.5999755859375</ele></trkpt><trkpt lat="46.479760102927685" lon="6.764550069812685"><ele>431.5999755859375</ele></trkpt><trkpt lat="46.479740103241056" lon="6.7646200698800385"><ele>431.8699951171875</ele></trkpt><trkpt lat="46.47966010309756" lon="6.764910069759935"><ele>432.239990234375</ele></trkpt><trkpt lat="46.47965010302141" lon="6.76494006998837"><ele>432.1999816894531</ele></trkpt><trkpt lat="46.479610103182495" lon="6.765160069800913"><ele>431.1999816894531</ele></trkpt><trkpt lat="46.47956010280177" lon="6.765340069774538"><ele>430.8799743652344</ele></trkpt><trkpt lat="46.479550103191286" lon="6.765390069689602"><ele>431.0</ele></trkpt><trkpt lat="46.479530103039" lon="6.76543006952852"><ele>431.0799865722656</ele></trkpt><trkpt lat="46.47949010320008" lon="6.765550069510937"><ele>431.5</ele></trkpt><trkpt lat="46.4794501028955" lon="6.765650069806725"><ele>431.8299865722656</ele></trkpt><trkpt lat="46.47941010305658" lon="6.765730069950223"><ele>432.0999755859375</ele></trkpt><trkpt lat="46.479400102980435" lon="6.765770069789141"><ele>432.17999267578125</ele></trkpt><trkpt lat="46.479380103293806" lon="6.76583006978035"><ele>432.29998779296875</ele></trkpt><trkpt lat="46.47933010337874" lon="6.765960069838911"><ele>432.4599914550781</ele></trkpt><trkpt lat="46.47931010322645" lon="6.766050070058554"><ele>432.5999755859375</ele></trkpt><trkpt lat="46.47929010307416" lon="6.766090069897473"><ele>432.6099853515625</ele></trkpt><trkpt lat="46.47917010355741" lon="6.766400069929659"><ele>433.0</ele></trkpt><trkpt lat="46.47915010340512" lon="6.766470069997013"><ele>433.04998779296875</ele></trkpt><trkpt lat="46.47913010325283" lon="6.766510069835931"><ele>433.0999755859375</ele></trkpt><trkpt lat="46.47912010317668" lon="6.766530069988221"><ele>433.1399841308594</ele></trkpt><trkpt lat="46.47907010326162" lon="6.766620069742203"><ele>433.1999816894531</ele></trkpt><trkpt lat="46.47905010357499" lon="6.766670070122927"><ele>433.22998046875</ele></trkpt><trkpt lat="46.479020103346556" lon="6.766740069724619"><ele>433.29998779296875</ele></trkpt><trkpt lat="46.47892010351643" lon="6.766950069926679"><ele>433.0</ele></trkpt><trkpt lat="46.47884010337293" lon="6.767160069663078"><ele>432.1999816894531</ele></trkpt><trkpt lat="46.47882010322064" lon="6.767200069967657"><ele>432.0699768066406</ele></trkpt><trkpt lat="46.47877010283992" lon="6.7673400696367025"><ele>431.5999755859375</ele></trkpt><trkpt lat="46.47859010333195" lon="6.767890070099384"><ele>433.8699951171875</ele></trkpt><trkpt lat="46.478570103645325" lon="6.767960070166737"><ele>434.1999816894531</ele></trkpt><trkpt lat="46.47854010388255" lon="6.768100070301443"><ele>435.1999816894531</ele></trkpt><trkpt lat="46.47850010404363" lon="6.768260070122778"><ele>436.0999755859375</ele></trkpt><trkpt lat="46.47845010412857" lon="6.768530070781708"><ele>438.0</ele></trkpt><trkpt lat="46.47828010562807" lon="6.769310071133077"><ele>443.3199768066406</ele></trkpt><trkpt lat="46.47826010547578" lon="6.769430071581155"><ele>443.8999938964844</ele></trkpt><trkpt lat="46.478240105789155" lon="6.769500071648508"><ele>444.29998779296875</ele></trkpt><trkpt lat="46.47818010579795" lon="6.7696400713175535"><ele>445.05999755859375</ele></trkpt><trkpt lat="46.47812010580674" lon="6.76980007160455"><ele>445.8799743652344</ele></trkpt><trkpt lat="46.47808010596782" lon="6.769890071824193"><ele>446.29998779296875</ele></trkpt><trkpt lat="46.478050106205046" lon="6.769940071739256"><ele>446.6999816894531</ele></trkpt><trkpt lat="46.4780401061289" lon="6.769980071578175"><ele>446.8599853515625</ele></trkpt><trkpt lat="46.47802010597661" lon="6.770020071882755"><ele>447.0999755859375</ele></trkpt><trkpt lat="46.47801010636613" lon="6.770060071721673"><ele>447.239990234375</ele></trkpt><trkpt lat="46.47801010636613" lon="6.770100072026253"><ele>447.5</ele></trkpt><trkpt lat="46.47800010628998" lon="6.770170072093606"><ele>447.739990234375</ele></trkpt><trkpt lat="46.47798010613769" lon="6.770240072160959"><ele>448.05999755859375</ele></trkpt><trkpt lat="46.47797010652721" lon="6.770310071762651"><ele>448.3999938964844</ele></trkpt><trkpt lat="46.47795010637492" lon="6.770390071906149"><ele>448.55999755859375</ele></trkpt><trkpt lat="46.47793010668829" lon="6.770440071821213"><ele>448.6999816894531</ele></trkpt><trkpt lat="46.47789010638371" lon="6.770520071964711"><ele>448.8999938964844</ele></trkpt><trkpt lat="46.47786010662094" lon="6.770610072184354"><ele>449.0999755859375</ele></trkpt><trkpt lat="46.477810106705874" lon="6.770790072157979"><ele>449.3999938964844</ele></trkpt><trkpt lat="46.47778010647744" lon="6.770900072064251"><ele>449.5999755859375</ele></trkpt><trkpt lat="46.47771010687575" lon="6.7711000721901655"><ele>449.6399841308594</ele></trkpt><trkpt lat="46.47768010664731" lon="6.771170072257519"><ele>449.29998779296875</ele></trkpt><trkpt lat="46.47764010634273" lon="6.7712700720876455"><ele>448.79998779296875</ele></trkpt><trkpt lat="46.47759010642767" lon="6.771340072154999"><ele>448.29998779296875</ele></trkpt><trkpt lat="46.47753010643646" lon="6.771420071832836"><ele>447.90997314453125</ele></trkpt><trkpt lat="46.47748010605574" lon="6.771480071824044"><ele>447.5999755859375</ele></trkpt><trkpt lat="46.4774001063779" lon="6.771580072119832"><ele>447.5999755859375</ele></trkpt><trkpt lat="46.477390106301755" lon="6.771630072034895"><ele>447.5999755859375</ele></trkpt><trkpt lat="46.47736010653898" lon="6.771720071788877"><ele>448.0</ele></trkpt><trkpt lat="46.47725010663271" lon="6.772220072336495"><ele>450.0999755859375</ele></trkpt><trkpt lat="46.47717010695487" lon="6.772500072605908"><ele>452.25</ele></trkpt><trkpt lat="46.4771401071921" lon="6.772590072825551"><ele>453.05999755859375</ele></trkpt><trkpt lat="46.477130107581615" lon="6.772640072740614"><ele>453.5</ele></trkpt><trkpt lat="46.47707010805607" lon="6.772950073238462"><ele>456.3999938964844</ele></trkpt><trkpt lat="46.47703010821715" lon="6.773130073212087"><ele>457.8199768066406</ele></trkpt><trkpt lat="46.47703010821715" lon="6.773150073364377"><ele>458.0</ele></trkpt><trkpt lat="46.47700010845438" lon="6.773230073507875"><ele>458.5999755859375</ele></trkpt><trkpt lat="46.47696010861546" lon="6.773310073651373"><ele>459.22998046875</ele></trkpt><trkpt lat="46.47692010877654" lon="6.7734100734815"><ele>459.80999755859375</ele></trkpt><trkpt lat="46.47688010893762" lon="6.773500073701143"><ele>460.29998779296875</ele></trkpt><trkpt lat="46.476850108709186" lon="6.773560073692352"><ele>460.4599914550781</ele></trkpt><trkpt lat="46.47675010887906" lon="6.7737500737421215"><ele>461.0999755859375</ele></trkpt><trkpt lat="46.476700108963996" lon="6.773890073876828"><ele>461.5999755859375</ele></trkpt><trkpt lat="46.47665010904893" lon="6.774090074002743"><ele>462.0999755859375</ele></trkpt><trkpt lat="46.47658010898158" lon="6.774290073662996"><ele>462.5</ele></trkpt><trkpt lat="46.4764901092276" lon="6.774620073847473"><ele>463.16998291015625</ele></trkpt><trkpt lat="46.47647010954097" lon="6.774690073914826"><ele>463.1999816894531</ele></trkpt><trkpt lat="46.47647010954097" lon="6.774690073914826"><ele>463.239990234375</ele></trkpt><trkpt lat="46.47645010938868" lon="6.774720074143261"><ele>463.0899963378906</ele></trkpt><trkpt lat="46.4764101090841" lon="6.774760073982179"><ele>462.79998779296875</ele></trkpt><trkpt lat="46.47635010909289" lon="6.774840073660016"><ele>462.15997314453125</ele></trkpt><trkpt lat="46.47629010910168" lon="6.774940073955804"><ele>461.5</ele></trkpt><trkpt lat="46.47624010872096" lon="6.775100073777139"><ele>460.0</ele></trkpt><trkpt lat="46.47620010841638" lon="6.775280073285103"><ele>458.3999938964844</ele></trkpt><trkpt lat="46.47611010726541" lon="6.775760072749108"><ele>453.5</ele></trkpt><trkpt lat="46.47609010711312" lon="6.775880072731525"><ele>452.0</ele></trkpt><trkpt lat="46.47608010657132" lon="6.77600007224828"><ele>450.3999938964844</ele></trkpt><trkpt lat="46.47606010641903" lon="6.776180071756244"><ele>447.79998779296875</ele></trkpt><trkpt lat="46.476040105801076" lon="6.7762800715863705"><ele>446.5</ele></trkpt><trkpt lat="46.476040105801076" lon="6.77632007189095"><ele>445.8999938964844</ele></trkpt><trkpt lat="46.47597010526806" lon="6.776590071152896"><ele>442.29998779296875</ele></trkpt><trkpt lat="46.475940105039626" lon="6.776720071211457"><ele>440.5999755859375</ele></trkpt><trkpt lat="46.475940104573965" lon="6.776770071126521"><ele>439.79998779296875</ele></trkpt><trkpt lat="46.475960104260594" lon="6.776900070719421"><ele>438.0</ele></trkpt><trkpt lat="46.47599010402337" lon="6.776990070473403"><ele>436.9499816894531</ele></trkpt><trkpt lat="46.47599010402337" lon="6.776990070473403"><ele>436.8999938964844</ele></trkpt><trkpt lat="46.47602010378614" lon="6.777010070625693"><ele>436.3999938964844</ele></trkpt><trkpt lat="46.47606010362506" lon="6.777040070388466"><ele>435.6199951171875</ele></trkpt><trkpt lat="46.47613010369241" lon="6.77707007015124"><ele>434.6999816894531</ele></trkpt><trkpt lat="46.476220103446394" lon="6.777110069990158"><ele>433.8399963378906</ele></trkpt><trkpt lat="46.47627010336146" lon="6.777130070142448"><ele>433.5999755859375</ele></trkpt><trkpt lat="46.47630010358989" lon="6.777150070294738"><ele>433.5</ele></trkpt><trkpt lat="46.47630010358989" lon="6.777210070285946"><ele>433.30999755859375</ele></trkpt><trkpt lat="46.47630010358989" lon="6.77722006989643"><ele>433.29998779296875</ele></trkpt><trkpt lat="46.47629010351375" lon="6.777310070116073"><ele>433.1099853515625</ele></trkpt><trkpt lat="46.4762801034376" lon="6.777350069954991"><ele>433.0</ele></trkpt><trkpt lat="46.47626010328531" lon="6.777400069870055"><ele>432.91998291015625</ele></trkpt><trkpt lat="46.47626010328531" lon="6.777400069870055"><ele>432.8999938964844</ele></trkpt><trkpt lat="46.47621010337025" lon="6.777420070022345"><ele>432.8999938964844</ele></trkpt><trkpt lat="46.47619010321796" lon="6.7774300700984895"><ele>432.91998291015625</ele></trkpt><trkpt lat="46.47619010321796" lon="6.7774300700984895"><ele>432.91998291015625</ele></trkpt><trkpt lat="46.47619010321796" lon="6.7774300700984895"><ele>432.91998291015625</ele></trkpt><trkpt lat="46.476120103150606" lon="6.777520069852471"><ele>433.1999816894531</ele></trkpt><trkpt lat="46.476050103548914" lon="6.777630070224404"><ele>433.6999816894531</ele></trkpt><trkpt lat="46.476010103709996" lon="6.777690070215613"><ele>434.1999816894531</ele></trkpt><trkpt lat="46.47598010348156" lon="6.777780070435256"><ele>434.91998291015625</ele></trkpt><trkpt lat="46.47598010348156" lon="6.777780070435256"><ele>434.8999938964844</ele></trkpt><trkpt lat="46.47606010409072" lon="6.777870070189238"><ele>435.79998779296875</ele></trkpt><trkpt lat="46.47617010399699" lon="6.778030070476234"><ele>437.17999267578125</ele></trkpt><trkpt lat="46.47617010399699" lon="6.778030070476234"><ele>437.1999816894531</ele></trkpt><trkpt lat="46.47619010414928" lon="6.778060070704669"><ele>437.55999755859375</ele></trkpt><trkpt lat="46.47627010429278" lon="6.778180070687085"><ele>439.0</ele></trkpt><trkpt lat="46.476280104834586" lon="6.778240071143955"><ele>439.6499938964844</ele></trkpt><trkpt lat="46.47631010506302" lon="6.778310071211308"><ele>440.6999816894531</ele></trkpt><trkpt lat="46.47637010551989" lon="6.778490071184933"><ele>442.91998291015625</ele></trkpt><trkpt lat="46.47641010582447" lon="6.778630071785301"><ele>444.6499938964844</ele></trkpt><trkpt lat="46.47641010582447" lon="6.778640071395785"><ele>444.5999755859375</ele></trkpt><trkpt lat="46.47649010596797" lon="6.778620071709156"><ele>445.3599853515625</ele></trkpt><trkpt lat="46.47654010588303" lon="6.778610071633011"><ele>445.79998779296875</ele></trkpt><trkpt lat="46.47662010602653" lon="6.778610071633011"><ele>446.79998779296875</ele></trkpt><trkpt lat="46.47666010633111" lon="6.778620071709156"><ele>447.30999755859375</ele></trkpt><trkpt lat="46.47671010624617" lon="6.778630071785301"><ele>447.79998779296875</ele></trkpt><trkpt lat="46.47683010669425" lon="6.778670072089881"><ele>449.1999816894531</ele></trkpt><trkpt lat="46.476860106457025" lon="6.778670072089881"><ele>449.5299987792969</ele></trkpt><trkpt lat="46.47689010668546" lon="6.778670072089881"><ele>449.79998779296875</ele></trkpt><trkpt lat="46.47689010668546" lon="6.778670072089881"><ele>449.8399963378906</ele></trkpt><trkpt lat="46.47689010668546" lon="6.778720072470605"><ele>449.6499938964844</ele></trkpt><trkpt lat="46.476880106609315" lon="6.778850072063506"><ele>449.0</ele></trkpt><trkpt lat="46.4768901062198" lon="6.778930072207004"><ele>448.6099853515625</ele></trkpt><trkpt lat="46.4768901062198" lon="6.778940072283149"><ele>448.5</ele></trkpt><trkpt lat="46.47691010637209" lon="6.779020071960986"><ele>448.0999755859375</ele></trkpt><trkpt lat="46.47695010621101" lon="6.779150072019547"><ele>447.5</ele></trkpt><trkpt lat="46.47698010597378" lon="6.779200071934611"><ele>447.3799743652344</ele></trkpt><trkpt lat="46.47702010627836" lon="6.779270072001964"><ele>447.1999816894531</ele></trkpt><trkpt lat="46.47705010604113" lon="6.779330071993172"><ele>446.8999938964844</ele></trkpt><trkpt lat="46.47705010604113" lon="6.7793900719843805"><ele>446.80999755859375</ele></trkpt><trkpt lat="46.47708010580391" lon="6.779590071644634"><ele>446.3799743652344</ele></trkpt><trkpt lat="46.47711010603234" lon="6.779770071618259"><ele>446.0</ele></trkpt><trkpt lat="46.477140105795115" lon="6.780030071735382"><ele>445.3999938964844</ele></trkpt><trkpt lat="46.477160105947405" lon="6.780240071937442"><ele>445.9599914550781</ele></trkpt><trkpt lat="46.477160105947405" lon="6.780290071852505"><ele>445.989990234375</ele></trkpt><trkpt lat="46.47717010602355" lon="6.780330071691424"><ele>446.1999816894531</ele></trkpt><trkpt lat="46.477160105947405" lon="6.780500072054565"><ele>446.5999755859375</ele></trkpt><trkpt lat="46.47715010633692" lon="6.780560072045773"><ele>447.0</ele></trkpt><trkpt lat="46.47714010626078" lon="6.780730071943253"><ele>448.0999755859375</ele></trkpt><trkpt lat="46.47713010665029" lon="6.780820072162896"><ele>448.6999816894531</ele></trkpt><trkpt lat="46.47713010665029" lon="6.780880072154105"><ele>449.0999755859375</ele></trkpt><trkpt lat="46.477110106498" lon="6.780960072297603"><ele>449.29998779296875</ele></trkpt><trkpt lat="46.47710010642186" lon="6.781000072136521"><ele>449.25</ele></trkpt><trkpt lat="46.47694010660052" lon="6.781450072303414"><ele>448.6899719238281</ele></trkpt><trkpt lat="46.47691010637209" lon="6.781540072057396"><ele>448.5999755859375</ele></trkpt><trkpt lat="46.476860106457025" lon="6.781640071887523"><ele>448.0</ele></trkpt><trkpt lat="46.47676010616124" lon="6.781800071708858"><ele>447.0</ele></trkpt><trkpt lat="46.4767301059328" lon="6.781830071937293"><ele>446.72998046875</ele></trkpt><trkpt lat="46.47671010624617" lon="6.781860071700066"><ele>446.5</ele></trkpt><trkpt lat="46.47669010609388" lon="6.781900072004646"><ele>446.28997802734375</ele></trkpt><trkpt lat="46.47666010586545" lon="6.7819400718435645"><ele>446.0</ele></trkpt><trkpt lat="46.476590105798095" lon="6.782010071910918"><ele>445.5999755859375</ele></trkpt><trkpt lat="46.476480105891824" lon="6.782160071656108"><ele>444.8499755859375</ele></trkpt><trkpt lat="46.47641010535881" lon="6.782260071486235"><ele>444.29998779296875</ele></trkpt><trkpt lat="46.47633010521531" lon="6.782410071697086"><ele>443.65997314453125</ele></trkpt><trkpt lat="46.47629010537639" lon="6.782490071374923"><ele>443.1999816894531</ele></trkpt><trkpt lat="46.47623010491952" lon="6.782640071120113"><ele>442.0999755859375</ele></trkpt><trkpt lat="46.47620010515675" lon="6.7826900710351765"><ele>441.66998291015625</ele></trkpt><trkpt lat="46.476170104928315" lon="6.782730071339756"><ele>441.1999816894531</ele></trkpt><trkpt lat="46.47610010486096" lon="6.782840070780367"><ele>439.75</ele></trkpt><trkpt lat="46.47608010470867" lon="6.7828700710088015"><ele>439.1999816894531</ele></trkpt><trkpt lat="46.47606010455638" lon="6.78289007069543"><ele>438.80999755859375</ele></trkpt><trkpt lat="46.47603010432795" lon="6.78293007100001"><ele>438.1999816894531</ele></trkpt><trkpt lat="46.47593010403216" lon="6.783120070584118"><ele>435.6999816894531</ele></trkpt><trkpt lat="46.47579010343179" lon="6.78336007008329"><ele>433.8999938964844</ele></trkpt><trkpt lat="46.47576010366902" lon="6.7834500703029335"><ele>433.8999938964844</ele></trkpt><trkpt lat="46.47573010344058" lon="6.783540070056915"><ele>433.6899719238281</ele></trkpt><trkpt lat="46.47572010336444" lon="6.7836100701242685"><ele>433.3999938964844</ele></trkpt><trkpt lat="46.47572010336444" lon="6.783670070115477"><ele>433.2099914550781</ele></trkpt><trkpt lat="46.47572010336444" lon="6.783690070267767"><ele>433.1299743652344</ele></trkpt><trkpt lat="46.47573010344058" lon="6.78374007018283"><ele>433.0</ele></trkpt><trkpt lat="46.47573010297492" lon="6.783820069860667"><ele>432.1899719238281</ele></trkpt><trkpt lat="46.47573010297492" lon="6.783840070012957"><ele>432.0</ele></trkpt><trkpt lat="46.47572010289878" lon="6.78387006977573"><ele>431.75</ele></trkpt><trkpt lat="46.47571010282263" lon="6.78391007008031"><ele>431.29998779296875</ele></trkpt><trkpt lat="46.47563010221347" lon="6.784120069351047"><ele>428.3999938964844</ele></trkpt><trkpt lat="46.47556010168046" lon="6.784430069383234"><ele>425.6999816894531</ele></trkpt><trkpt lat="46.47555010160431" lon="6.784450069069862"><ele>425.53997802734375</ele></trkpt><trkpt lat="46.475530101917684" lon="6.784520069137216"><ele>425.1999816894531</ele></trkpt><trkpt lat="46.475430101621896" lon="6.784730068873614"><ele>424.3999938964844</ele></trkpt><trkpt lat="46.47542010154575" lon="6.784760069102049"><ele>424.2699890136719</ele></trkpt><trkpt lat="46.47540010139346" lon="6.784810069017112"><ele>424.0999755859375</ele></trkpt><trkpt lat="46.47540010139346" lon="6.784810069017112"><ele>424.16998291015625</ele></trkpt><trkpt lat="46.4753501014784" lon="6.784910068847239"><ele>423.0999755859375</ele></trkpt><trkpt lat="46.47532010124996" lon="6.784990068525076"><ele>422.1999816894531</ele></trkpt><trkpt lat="46.47530010109767" lon="6.785020068753511"><ele>421.7799987792969</ele></trkpt><trkpt lat="46.47529010102153" lon="6.785030068829656"><ele>421.5</ele></trkpt><trkpt lat="46.47527010086924" lon="6.785100068431348"><ele>420.5799865722656</ele></trkpt><trkpt lat="46.47527010086924" lon="6.7851100685074925"><ele>420.5699768066406</ele></trkpt><trkpt lat="46.47527010086924" lon="6.7851100685074925"><ele>420.5999755859375</ele></trkpt><trkpt lat="46.47527010086924" lon="6.785160068422556"><ele>419.8999938964844</ele></trkpt><trkpt lat="46.47529010055587" lon="6.785210068337619"><ele>419.3999938964844</ele></trkpt><trkpt lat="46.47531010070816" lon="6.785250068176538"><ele>418.8999938964844</ele></trkpt><trkpt lat="46.475330100394785" lon="6.785290068015456"><ele>418.3999938964844</ele></trkpt><trkpt lat="46.47547010006383" lon="6.785400067921728"><ele>416.3999938964844</ele></trkpt><trkpt lat="46.475520099978894" lon="6.785450067836791"><ele>415.5999755859375</ele></trkpt><trkpt lat="46.47557009989396" lon="6.785500067751855"><ele>414.8299865722656</ele></trkpt><trkpt lat="46.47570009948686" lon="6.785620067734271"><ele>414.40997314453125</ele></trkpt><trkpt lat="46.47573009971529" lon="6.785650067962706"><ele>414.8999938964844</ele></trkpt><trkpt lat="46.47575009986758" lon="6.78568006772548"><ele>415.28997802734375</ele></trkpt><trkpt lat="46.47578010009602" lon="6.785750067792833"><ele>416.1899719238281</ele></trkpt><trkpt lat="46.47579010017216" lon="6.785750067792833"><ele>416.29998779296875</ele></trkpt><trkpt lat="46.47581010032445" lon="6.785820067860186"><ele>417.1999816894531</ele></trkpt><trkpt lat="46.4758201004006" lon="6.785900068003684"><ele>417.8999938964844</ele></trkpt><trkpt lat="46.47581010032445" lon="6.785950068384409"><ele>418.0799865722656</ele></trkpt><trkpt lat="46.47581010032445" lon="6.786030068062246"><ele>418.3999938964844</ele></trkpt><trkpt lat="46.47578010009602" lon="6.786300068255514"><ele>418.0</ele></trkpt><trkpt lat="46.47578010009602" lon="6.7864200682379305"><ele>417.5899963378906</ele></trkpt><trkpt lat="46.47577010001987" lon="6.786580068059266"><ele>417.0</ele></trkpt><trkpt lat="46.47577010001987" lon="6.786700068041682"><ele>416.5299987792969</ele></trkpt><trkpt lat="46.47576009994373" lon="6.786820068024099"><ele>416.0999755859375</ele></trkpt><trkpt lat="46.47576009994373" lon="6.786910067778081"><ele>415.8999938964844</ele></trkpt><trkpt lat="46.47577010001987" lon="6.787030067760497"><ele>416.29998779296875</ele></trkpt><trkpt lat="46.47577010001987" lon="6.787100067827851"><ele>416.6499938964844</ele></trkpt><trkpt lat="46.47577010001987" lon="6.787130068056285"><ele>417.0099792480469</ele></trkpt><trkpt lat="46.47576010040939" lon="6.787210068199784"><ele>417.6299743652344</ele></trkpt><trkpt lat="46.475750100333244" lon="6.787270068190992"><ele>417.92999267578125</ele></trkpt><trkpt lat="46.4757401002571" lon="6.787320068106055"><ele>418.0999755859375</ele></trkpt><trkpt lat="46.47570010041818" lon="6.787470068316907"><ele>417.79998779296875</ele></trkpt><trkpt lat="46.47568010026589" lon="6.787550067994744"><ele>417.3799743652344</ele></trkpt><trkpt lat="46.47560009965673" lon="6.787880067713559"><ele>415.5999755859375</ele></trkpt><trkpt lat="46.47560009965673" lon="6.787890067789704"><ele>415.5099792480469</ele></trkpt><trkpt lat="46.475590099580586" lon="6.787980068009347"><ele>415.0</ele></trkpt><trkpt lat="46.47558009950444" lon="6.788140067830682"><ele>414.1999816894531</ele></trkpt><trkpt lat="46.47556009935215" lon="6.788400067482144"><ele>413.1999816894531</ele></trkpt><trkpt lat="46.475550099276006" lon="6.788560067303479"><ele>412.5</ele></trkpt><trkpt lat="46.475550099276006" lon="6.788610067218542"><ele>412.1199951171875</ele></trkpt><trkpt lat="46.475550098810345" lon="6.788800067268312"><ele>410.8999938964844</ele></trkpt><trkpt lat="46.4755400987342" lon="6.78886006725952"><ele>410.5</ele></trkpt><trkpt lat="46.4755400987342" lon="6.788870067335665"><ele>410.3899841308594</ele></trkpt><trkpt lat="46.475530098658055" lon="6.788900067098439"><ele>410.1999816894531</ele></trkpt><trkpt lat="46.475510098505765" lon="6.788910067174584"><ele>410.0699768066406</ele></trkpt><trkpt lat="46.47547009866685" lon="6.788970067165792"><ele>409.6999816894531</ele></trkpt><trkpt lat="46.4754600985907" lon="6.789020067080855"><ele>409.42999267578125</ele></trkpt><trkpt lat="46.4754600985907" lon="6.789040067233145"><ele>409.3999938964844</ele></trkpt><trkpt lat="46.47545009851456" lon="6.789110066834837"><ele>409.0</ele></trkpt><trkpt lat="46.47544009843841" lon="6.78920006705448"><ele>408.6999816894531</ele></trkpt><trkpt lat="46.47542009828612" lon="6.789260067045689"><ele>408.5199890136719</ele></trkpt><trkpt lat="46.47542009828612" lon="6.789290066808462"><ele>408.55999755859375</ele></trkpt><trkpt lat="46.47540009859949" lon="6.7893500667996705"><ele>408.79998779296875</ele></trkpt><trkpt lat="46.475360098760575" lon="6.789510067086667"><ele>409.29998779296875</ele></trkpt><trkpt lat="46.47531009884551" lon="6.789670066908002"><ele>409.5</ele></trkpt><trkpt lat="46.47516009863466" lon="6.78996006725356"><ele>409.3999938964844</ele></trkpt><trkpt lat="46.47506009833887" lon="6.790150066837668"><ele>409.0899963378906</ele></trkpt><trkpt lat="46.475020098499954" lon="6.790220066905022"><ele>408.5</ele></trkpt><trkpt lat="46.47499009827152" lon="6.790270066820085"><ele>408.0</ele></trkpt><trkpt lat="46.474960098043084" lon="6.790320066735148"><ele>407.5999755859375</ele></trkpt><trkpt lat="46.474920098204166" lon="6.790540066547692"><ele>407.0999755859375</ele></trkpt><trkpt lat="46.47491009812802" lon="6.790560066699982"><ele>407.0699768066406</ele></trkpt><trkpt lat="46.474900098051876" lon="6.790610066615045"><ele>407.0999755859375</ele></trkpt><trkpt lat="46.4748700982891" lon="6.790680066682398"><ele>407.219970703125</ele></trkpt><trkpt lat="46.474830098450184" lon="6.790780066978186"><ele>407.5999755859375</ele></trkpt><trkpt lat="46.474810098297894" lon="6.790880066808313"><ele>407.78997802734375</ele></trkpt><trkpt lat="46.474770098458976" lon="6.791030067019165"><ele>408.0299987792969</ele></trkpt><trkpt lat="46.474770098458976" lon="6.7910400670953095"><ele>408.05999755859375</ele></trkpt><trkpt lat="46.474750098306686" lon="6.791120066773146"><ele>408.1999816894531</ele></trkpt><trkpt lat="46.474730098154396" lon="6.791160067077726"><ele>408.3199768066406</ele></trkpt><trkpt lat="46.47469009831548" lon="6.791250066831708"><ele>408.5999755859375</ele></trkpt><trkpt lat="46.474680098704994" lon="6.791330066975206"><ele>409.0</ele></trkpt><trkpt lat="46.474660098552704" lon="6.791430067270994"><ele>409.6199951171875</ele></trkpt><trkpt lat="46.474660098552704" lon="6.791450066957623"><ele>409.75</ele></trkpt><trkpt lat="46.474660098552704" lon="6.791470067109913"><ele>409.8999938964844</ele></trkpt><trkpt lat="46.47465009894222" lon="6.791500067338347"><ele>410.15997314453125</ele></trkpt><trkpt lat="46.47462009917945" lon="6.791640067473054"><ele>411.5</ele></trkpt><trkpt lat="46.47462009917945" lon="6.791730067692697"><ele>412.5</ele></trkpt><trkpt lat="46.47462009917945" lon="6.791840067598969"><ele>413.5</ele></trkpt><trkpt lat="46.47461009956896" lon="6.79197006765753"><ele>414.6899719238281</ele></trkpt><trkpt lat="46.474590099882334" lon="6.792070067953318"><ele>415.79998779296875</ele></trkpt><trkpt lat="46.474440100602806" lon="6.792700068093836"><ele>418.47998046875</ele></trkpt><trkpt lat="46.47440010076389" lon="6.7928800685331225"><ele>419.79998779296875</ele></trkpt><trkpt lat="46.47436010092497" lon="6.793040068820119"><ele>420.8999938964844</ele></trkpt><trkpt lat="46.474350100848824" lon="6.793120068497956"><ele>421.3999938964844</ele></trkpt><trkpt lat="46.474350101314485" lon="6.793220068793744"><ele>422.1999816894531</ele></trkpt><trkpt lat="46.474350101314485" lon="6.793300068937242"><ele>422.92999267578125</ele></trkpt><trkpt lat="46.474350101314485" lon="6.7933400687761605"><ele>423.29998779296875</ele></trkpt><trkpt lat="46.474340101704" lon="6.793430068995804"><ele>424.0</ele></trkpt><trkpt lat="46.474340101704" lon="6.793460069224238"><ele>424.17999267578125</ele></trkpt><trkpt lat="46.474340101704" lon="6.793490068987012"><ele>424.3999938964844</ele></trkpt><trkpt lat="46.47432010155171" lon="6.793540068902075"><ele>424.5799865722656</ele></trkpt><trkpt lat="46.47431010147557" lon="6.7935900692828"><ele>424.79998779296875</ele></trkpt><trkpt lat="46.47427010210231" lon="6.793750069104135"><ele>426.29998779296875</ele></trkpt><trkpt lat="46.47427010210231" lon="6.79378006933257"><ele>426.5799865722656</ele></trkpt><trkpt lat="46.474240102339536" lon="6.793890069704503"><ele>427.5</ele></trkpt><trkpt lat="46.474240102339536" lon="6.793930069543421"><ele>427.8799743652344</ele></trkpt><trkpt lat="46.47425010241568" lon="6.79399006953463"><ele>428.0999755859375</ele></trkpt><trkpt lat="46.4742901022546" lon="6.794050069525838"><ele>428.3699951171875</ele></trkpt><trkpt lat="46.474300102330744" lon="6.794070069678128"><ele>428.3499755859375</ele></trkpt><trkpt lat="46.47431010240689" lon="6.794070069678128"><ele>428.3999938964844</ele></trkpt><trkpt lat="46.474280102178454" lon="6.794120069593191"><ele>427.8299865722656</ele></trkpt><trkpt lat="46.47425010195002" lon="6.7941800695843995"><ele>427.0999755859375</ele></trkpt><trkpt lat="46.47410010127351" lon="6.79463006881997"><ele>423.0999755859375</ele></trkpt><trkpt lat="46.47406010096893" lon="6.794730068650097"><ele>421.9499816894531</ele></trkpt><trkpt lat="46.47402010113001" lon="6.794810068793595"><ele>421.0</ele></trkpt><trkpt lat="46.47400010051206" lon="6.794880068395287"><ele>420.1999816894531</ele></trkpt><trkpt lat="46.47394010052085" lon="6.795040068216622"><ele>418.22998046875</ele></trkpt><trkpt lat="46.47390009975061" lon="6.795190067961812"><ele>416.28997802734375</ele></trkpt><trkpt lat="46.47388010006398" lon="6.7952300678007305"><ele>415.6999816894531</ele></trkpt><trkpt lat="46.47380009945482" lon="6.795340067707002"><ele>413.5099792480469</ele></trkpt><trkpt lat="46.47368009854108" lon="6.795510067138821"><ele>410.0999755859375</ele></trkpt><trkpt lat="46.473630098160356" lon="6.795660066884011"><ele>407.29998779296875</ele></trkpt><trkpt lat="46.473630098160356" lon="6.795670066960156"><ele>407.29998779296875</ele></trkpt><trkpt lat="46.473630098160356" lon="6.795680067036301"><ele>407.03997802734375</ele></trkpt><trkpt lat="46.47360009793192" lon="6.795770066790283"><ele>405.5999755859375</ele></trkpt><trkpt lat="46.47359009785578" lon="6.795800066553056"><ele>404.78997802734375</ele></trkpt><trkpt lat="46.47357009770349" lon="6.79583006631583"><ele>404.0999755859375</ele></trkpt><trkpt lat="46.47357009770349" lon="6.795840066391975"><ele>404.1399841308594</ele></trkpt><trkpt lat="46.47359009785578" lon="6.79585006646812"><ele>404.5999755859375</ele></trkpt><trkpt lat="46.47359009785578" lon="6.7958700666204095"><ele>404.5999755859375</ele></trkpt><trkpt lat="46.47357009770349" lon="6.796020066831261"><ele>405.5999755859375</ele></trkpt><trkpt lat="46.473560098093" lon="6.796090066898614"><ele>406.0</ele></trkpt><trkpt lat="46.47355009801686" lon="6.796120066661388"><ele>406.1999816894531</ele></trkpt><trkpt lat="46.47357009816915" lon="6.796130066737533"><ele>406.3999938964844</ele></trkpt><trkpt lat="46.47357009816915" lon="6.796170066576451"><ele>406.8399963378906</ele></trkpt><trkpt lat="46.473560098093" lon="6.796210066881031"><ele>407.3999938964844</ele></trkpt><trkpt lat="46.47361009847373" lon="6.796240067109466"><ele>408.55999755859375</ele></trkpt><trkpt lat="46.47361009847373" lon="6.796240067109466"><ele>408.5999755859375</ele></trkpt><trkpt lat="46.47361009847373" lon="6.796240067109466"><ele>408.6099853515625</ele></trkpt><trkpt lat="46.473600098863244" lon="6.796300067100674"><ele>410.0</ele></trkpt><trkpt lat="46.473600098863244" lon="6.796340067405254"><ele>410.8199768066406</ele></trkpt><trkpt lat="46.47361009893939" lon="6.7963700676336884"><ele>411.5</ele></trkpt><trkpt lat="46.473600099328905" lon="6.796400067396462"><ele>412.0999755859375</ele></trkpt><trkpt lat="46.473600099328905" lon="6.796420067548752"><ele>412.6999816894531</ele></trkpt><trkpt lat="46.473600099328905" lon="6.796470067463815"><ele>413.5</ele></trkpt><trkpt lat="46.473600099328905" lon="6.796490067616105"><ele>414.1499938964844</ele></trkpt><trkpt lat="46.47361009987071" lon="6.79656006814912"><ele>415.6999816894531</ele></trkpt><trkpt lat="46.47359010018408" lon="6.796640068292618"><ele>417.3899841308594</ele></trkpt><trkpt lat="46.47359010018408" lon="6.796650068368763"><ele>417.55999755859375</ele></trkpt><trkpt lat="46.47358010010794" lon="6.796690068207681"><ele>418.0999755859375</ele></trkpt><trkpt lat="46.473570100497454" lon="6.796730068512261"><ele>418.5</ele></trkpt><trkpt lat="46.47354010073468" lon="6.796890068333596"><ele>420.16998291015625</ele></trkpt><trkpt lat="46.47354010073468" lon="6.796910068485886"><ele>420.3999938964844</ele></trkpt><trkpt lat="46.47354010073468" lon="6.796920068562031"><ele>420.3999938964844</ele></trkpt><trkpt lat="46.473550100810826" lon="6.797000068705529"><ele>421.3899841308594</ele></trkpt><trkpt lat="46.473550100810826" lon="6.797010068781674"><ele>421.5699768066406</ele></trkpt><trkpt lat="46.47356010135263" lon="6.797110069077462"><ele>422.5999755859375</ele></trkpt><trkpt lat="46.47356010135263" lon="6.797210068907589"><ele>423.79998779296875</ele></trkpt><trkpt lat="46.47355010174215" lon="6.797280068974942"><ele>424.969970703125</ele></trkpt><trkpt lat="46.473540101666" lon="6.797330069355667"><ele>425.6999816894531</ele></trkpt><trkpt lat="46.473540102131665" lon="6.7974400697276"><ele>427.90997314453125</ele></trkpt><trkpt lat="46.47353010298684" lon="6.797620070166886"><ele>431.1999816894531</ele></trkpt><trkpt lat="46.473530103452504" lon="6.797760070301592"><ele>433.55999755859375</ele></trkpt><trkpt lat="46.473530103452504" lon="6.797790070530027"><ele>434.0</ele></trkpt><trkpt lat="46.473530103452504" lon="6.797810070682317"><ele>434.40997314453125</ele></trkpt><trkpt lat="46.473590104375035" lon="6.797980071045458"><ele>437.8499755859375</ele></trkpt><trkpt lat="46.47362010460347" lon="6.7980600711889565"><ele>439.5</ele></trkpt><trkpt lat="46.47368010506034" lon="6.798190071713179"><ele>442.1999816894531</ele></trkpt><trkpt lat="46.47375010559335" lon="6.798320071771741"><ele>444.0</ele></trkpt><trkpt lat="46.4737601056695" lon="6.798350071534514"><ele>444.15997314453125</ele></trkpt><trkpt lat="46.4737601056695" lon="6.798380071762949"><ele>444.2699890136719</ele></trkpt><trkpt lat="46.4737601056695" lon="6.798460071906447"><ele>444.5999755859375</ele></trkpt><trkpt lat="46.47381010558456" lon="6.798500071745366"><ele>445.5999755859375</ele></trkpt><trkpt lat="46.47386010596529" lon="6.7985500721260905"><ele>447.1999816894531</ele></trkpt><trkpt lat="46.47391010634601" lon="6.798600072506815"><ele>448.5999755859375</ele></trkpt><trkpt lat="46.47399010648951" lon="6.798720072489232"><ele>449.8999938964844</ele></trkpt><trkpt lat="46.4740101066418" lon="6.798760072793812"><ele>450.3199768066406</ele></trkpt><trkpt lat="46.474040106870234" lon="6.79880007263273"><ele>450.5999755859375</ele></trkpt><trkpt lat="46.474040106870234" lon="6.798810072708875"><ele>450.6099853515625</ele></trkpt><trkpt lat="46.47407010663301" lon="6.798860072623938"><ele>450.5</ele></trkpt><trkpt lat="46.47408010670915" lon="6.798890072386712"><ele>449.8999938964844</ele></trkpt><trkpt lat="46.47408010670915" lon="6.798900072462857"><ele>449.6999816894531</ele></trkpt><trkpt lat="46.47408010670915" lon="6.798940072301775"><ele>449.0999755859375</ele></trkpt><trkpt lat="46.474070106167346" lon="6.798990072216839"><ele>448.3999938964844</ele></trkpt><trkpt lat="46.47405010648072" lon="6.799040072131902"><ele>448.0999755859375</ele></trkpt><trkpt lat="46.47405010648072" lon="6.799110072199255"><ele>448.0</ele></trkpt><trkpt lat="46.47405010648072" lon="6.799150072503835"><ele>448.0999755859375</ele></trkpt><trkpt lat="46.47405010648072" lon="6.7991700721904635"><ele>448.29998779296875</ele></trkpt><trkpt lat="46.47406010655686" lon="6.799230072181672"><ele>449.0999755859375</ele></trkpt><trkpt lat="46.474100107327104" lon="6.799410073086619"><ele>452.5</ele></trkpt><trkpt lat="46.47411010786891" lon="6.799510073382407"><ele>454.8999938964844</ele></trkpt><trkpt lat="46.474120107945055" lon="6.799560073297471"><ele>456.29998779296875</ele></trkpt><trkpt lat="46.474160108715296" lon="6.7997100739739835"><ele>459.5</ele></trkpt><trkpt lat="46.47418010933325" lon="6.799860074184835"><ele>462.239990234375</ele></trkpt><trkpt lat="46.47418010933325" lon="6.799860074184835"><ele>462.1999816894531</ele></trkpt><trkpt lat="46.4741701092571" lon="6.799900074023753"><ele>462.1099853515625</ele></trkpt><trkpt lat="46.47416010918096" lon="6.799970074091107"><ele>462.0299987792969</ele></trkpt><trkpt lat="46.47416010918096" lon="6.799980074167252"><ele>462.0199890136719</ele></trkpt><trkpt lat="46.474110109265894" lon="6.800070074386895"><ele>462.8999938964844</ele></trkpt><trkpt lat="46.4740401096642" lon="6.800160074606538"><ele>463.8999938964844</ele></trkpt><trkpt lat="46.47402010951191" lon="6.800220074597746"><ele>464.29998779296875</ele></trkpt><trkpt lat="46.47400010935962" lon="6.8002700745128095"><ele>464.6299743652344</ele></trkpt><trkpt lat="46.473960109986365" lon="6.800490074791014"><ele>465.6999816894531</ele></trkpt><trkpt lat="46.4739101100713" lon="6.800760074518621"><ele>466.5</ele></trkpt><trkpt lat="46.4739101100713" lon="6.800760074518621"><ele>466.489990234375</ele></trkpt><trkpt lat="46.47390010999516" lon="6.800830074585974"><ele>466.5899963378906</ele></trkpt><trkpt lat="46.47389010991901" lon="6.800920074805617"><ele>466.79998779296875</ele></trkpt><trkpt lat="46.47388010984287" lon="6.8010000749491155"><ele>466.969970703125</ele></trkpt><trkpt lat="46.47386011015624" lon="6.801220074761659"><ele>467.5999755859375</ele></trkpt><trkpt lat="46.47385011008009" lon="6.801310074981302"><ele>467.8999938964844</ele></trkpt><trkpt lat="46.47385011008009" lon="6.801380075048655"><ele>468.0</ele></trkpt><trkpt lat="46.47386011015624" lon="6.801430074963719"><ele>468.1499938964844</ele></trkpt><trkpt lat="46.47387011023238" lon="6.801470074802637"><ele>468.1999816894531</ele></trkpt><trkpt lat="46.47388011030853" lon="6.801600074861199"><ele>468.5</ele></trkpt><trkpt lat="46.47388011030853" lon="6.801680075004697"><ele>468.5999755859375</ele></trkpt><trkpt lat="46.47387011023238" lon="6.801710075233132"><ele>468.65997314453125</ele></trkpt><trkpt lat="46.4738601106219" lon="6.80177007522434"><ele>468.6999816894531</ele></trkpt><trkpt lat="46.473850110545754" lon="6.801860074978322"><ele>468.79998779296875</ele></trkpt><trkpt lat="46.473850110545754" lon="6.8020700751803815"><ele>469.0099792480469</ele></trkpt><trkpt lat="46.473850110545754" lon="6.8020800752565265"><ele>469.0299987792969</ele></trkpt><trkpt lat="46.473830110393465" lon="6.80230007506907"><ele>469.3599853515625</ele></trkpt><trkpt lat="46.473810110706836" lon="6.802500075194985"><ele>469.79998779296875</ele></trkpt><trkpt lat="46.473810110706836" lon="6.802570075262338"><ele>469.989990234375</ele></trkpt><trkpt lat="46.473810110706836" lon="6.802640075329691"><ele>470.15997314453125</ele></trkpt><trkpt lat="46.473810110706836" lon="6.802640075329691"><ele>470.1999816894531</ele></trkpt><trkpt lat="46.47384011093527" lon="6.8027000753208995"><ele>470.3899841308594</ele></trkpt><trkpt lat="46.473850110545754" lon="6.802730075083673"><ele>470.5999755859375</ele></trkpt><trkpt lat="46.473870110698044" lon="6.802810075227171"><ele>470.97998046875</ele></trkpt><trkpt lat="46.473870110698044" lon="6.802820075303316"><ele>471.0</ele></trkpt><trkpt lat="46.47388011077419" lon="6.802930075209588"><ele>471.5</ele></trkpt><trkpt lat="46.473870111163706" lon="6.803060075733811"><ele>472.1999816894531</ele></trkpt><trkpt lat="46.47387011162937" lon="6.803300075698644"><ele>473.79998779296875</ele></trkpt><trkpt lat="46.47386011155322" lon="6.803370075765997"><ele>474.1999816894531</ele></trkpt><trkpt lat="46.4738201117143" lon="6.8035400761291385"><ele>475.6999816894531</ele></trkpt><trkpt lat="46.47379011195153" lon="6.803660076111555"><ele>476.79998779296875</ele></trkpt><trkpt lat="46.47376011218876" lon="6.803770076483488"><ele>477.9399719238281</ele></trkpt><trkpt lat="46.47376011218876" lon="6.803790076170117"><ele>478.0</ele></trkpt><trkpt lat="46.47376011218876" lon="6.8038100763224065"><ele>478.25</ele></trkpt><trkpt lat="46.47375011257827" lon="6.80388007638976"><ele>478.79998779296875</ele></trkpt><trkpt lat="46.47373011242598" lon="6.8039800762198865"><ele>479.25</ele></trkpt><trkpt lat="46.47373011242598" lon="6.8039800762198865"><ele>479.2599792480469</ele></trkpt><trkpt lat="46.47373011242598" lon="6.803980076685548"><ele>479.29998779296875</ele></trkpt><trkpt lat="46.47373011242598" lon="6.804010076448321"><ele>479.3399963378906</ele></trkpt><trkpt lat="46.47373011242598" lon="6.80405007628724"><ele>479.3999938964844</ele></trkpt><trkpt lat="46.47374011296779" lon="6.804220076650381"><ele>480.6999816894531</ele></trkpt><trkpt lat="46.47374011296779" lon="6.8042600764892995"><ele>480.6999816894531</ele></trkpt><trkpt lat="46.473730112891644" lon="6.804290076717734"><ele>480.989990234375</ele></trkpt><trkpt lat="46.473730112891644" lon="6.804310076870024"><ele>481.1999816894531</ele></trkpt><trkpt lat="46.4737201128155" lon="6.804360076785088"><ele>481.5999755859375</ele></trkpt><trkpt lat="46.473710113205016" lon="6.804410076700151"><ele>482.0999755859375</ele></trkpt><trkpt lat="46.47363011352718" lon="6.804690076969564"><ele>484.5299987792969</ele></trkpt><trkpt lat="46.47355011384934" lon="6.805000077467412"><ele>487.0</ele></trkpt><trkpt lat="46.47354011423886" lon="6.805030077695847"><ele>487.3299865722656</ele></trkpt><trkpt lat="46.47352011408657" lon="6.805120077449828"><ele>488.2099914550781</ele></trkpt><trkpt lat="46.47350011439994" lon="6.805220077745616"><ele>489.0999755859375</ele></trkpt><trkpt lat="46.473490114789456" lon="6.80529007781297"><ele>489.6999816894531</ele></trkpt><trkpt lat="46.473490114789456" lon="6.805350077804178"><ele>490.5</ele></trkpt><trkpt lat="46.473510114941746" lon="6.805470078252256"><ele>491.79998779296875</ele></trkpt><trkpt lat="46.47352011501789" lon="6.805520078167319"><ele>492.5999755859375</ele></trkpt><trkpt lat="46.473550115246326" lon="6.8055900782346725"><ele>493.6999816894531</ele></trkpt><trkpt lat="46.47360011562705" lon="6.805640078615397"><ele>494.8999938964844</ele></trkpt><trkpt lat="46.473630115855485" lon="6.805650078691542"><ele>495.5199890136719</ele></trkpt><trkpt lat="46.47375011630356" lon="6.805700079072267"><ele>497.8999938964844</ele></trkpt><trkpt lat="46.473820116370916" lon="6.8057400793768466"><ele>499.489990234375</ele></trkpt><trkpt lat="46.473880116827786" lon="6.8058100794442"><ele>501.30999755859375</ele></trkpt><trkpt lat="46.47389011690393" lon="6.805820079520345"><ele>501.4999694824219</ele></trkpt><trkpt lat="46.473900116980076" lon="6.805850079283118"><ele>501.8899841308594</ele></trkpt><trkpt lat="46.473900116980076" lon="6.805880079511553"><ele>502.16998291015625</ele></trkpt><trkpt lat="46.473900116980076" lon="6.805880079511553"><ele>502.1999816894531</ele></trkpt><trkpt lat="46.473900116980076" lon="6.805890079587698"><ele>502.1499938964844</ele></trkpt><trkpt lat="46.47385011706501" lon="6.805990079417825"><ele>502.0</ele></trkpt><trkpt lat="46.47384011698887" lon="6.8060200796462595"><ele>501.8899841308594</ele></trkpt><trkpt lat="46.47383011691272" lon="6.806060079485178"><ele>501.79998779296875</ele></trkpt><trkpt lat="46.47381011676043" lon="6.806180079467595"><ele>501.6899719238281</ele></trkpt><trkpt lat="46.47380011714995" lon="6.806330079678446"><ele>501.79998779296875</ele></trkpt><trkpt lat="46.473770116921514" lon="6.806500079575926"><ele>501.8999938964844</ele></trkpt><trkpt lat="46.47376011684537" lon="6.806650079321116"><ele>502.0</ele></trkpt><trkpt lat="46.47372011700645" lon="6.806770079303533"><ele>502.05999755859375</ele></trkpt><trkpt lat="46.47372011700645" lon="6.806780079379678"><ele>502.0999755859375</ele></trkpt><trkpt lat="46.47369011724368" lon="6.806850079447031"><ele>502.0999755859375</ele></trkpt><trkpt lat="46.4736501169391" lon="6.806910079438239"><ele>502.1999816894531</ele></trkpt><trkpt lat="46.47361011710018" lon="6.806980079505593"><ele>502.29998779296875</ele></trkpt><trkpt lat="46.473600117024034" lon="6.807030079420656"><ele>502.3999938964844</ele></trkpt><trkpt lat="46.473580117337406" lon="6.807110079564154"><ele>502.3999938964844</ele></trkpt><trkpt lat="46.47357011726126" lon="6.807180079631507"><ele>502.4399719238281</ele></trkpt><trkpt lat="46.473560117185116" lon="6.807200079783797"><ele>502.3999938964844</ele></trkpt><trkpt lat="46.473540117032826" lon="6.807380079757422"><ele>502.3999938964844</ele></trkpt><trkpt lat="46.47349011711776" lon="6.808020079508424"><ele>502.0</ele></trkpt><trkpt lat="46.47346011688933" lon="6.808240079320967"><ele>501.7699890136719</ele></trkpt><trkpt lat="46.47345011681318" lon="6.8083100793883204"><ele>501.6999816894531</ele></trkpt><trkpt lat="46.47340011689812" lon="6.808490079361945"><ele>501.5999755859375</ele></trkpt><trkpt lat="46.473350116983056" lon="6.808640079572797"><ele>501.4999694824219</ele></trkpt><trkpt lat="46.47332011675462" lon="6.808780079241842"><ele>501.0699768066406</ele></trkpt><trkpt lat="46.47329011699185" lon="6.808870079461485"><ele>500.79998779296875</ele></trkpt><trkpt lat="46.47326011676341" lon="6.808950079139322"><ele>500.239990234375</ele></trkpt><trkpt lat="46.47321011638269" lon="6.809110078960657"><ele>498.9399719238281</ele></trkpt><trkpt lat="46.473140115849674" lon="6.809320078697056"><ele>496.5999755859375</ele></trkpt><trkpt lat="46.473080115858465" lon="6.809430078603327"><ele>495.1399841308594</ele></trkpt><trkpt lat="46.473040115553886" lon="6.809520078357309"><ele>494.0</ele></trkpt><trkpt lat="46.47271011443809" lon="6.810360077768564"><ele>488.3999938964844</ele></trkpt><trkpt lat="46.47270011436194" lon="6.8104300778359175"><ele>488.1099853515625</ele></trkpt><trkpt lat="46.47268011420965" lon="6.810520077589899"><ele>487.6999816894531</ele></trkpt><trkpt lat="46.47267011413351" lon="6.8106000777333975"><ele>487.3999938964844</ele></trkpt><trkpt lat="46.47267011413351" lon="6.810660077724606"><ele>487.0999755859375</ele></trkpt><trkpt lat="46.47268011374399" lon="6.810830077622086"><ele>486.3999938964844</ele></trkpt><trkpt lat="46.47268011374399" lon="6.810990077443421"><ele>485.78997802734375</ele></trkpt><trkpt lat="46.47268011374399" lon="6.811080077197403"><ele>485.3999938964844</ele></trkpt><trkpt lat="46.472690113820136" lon="6.811130077112466"><ele>485.2599792480469</ele></trkpt><trkpt lat="46.472710113506764" lon="6.811340077314526"><ele>484.5999755859375</ele></trkpt><trkpt lat="46.47272011358291" lon="6.811470077373087"><ele>484.16998291015625</ele></trkpt><trkpt lat="46.472780113108456" lon="6.812090076971799"><ele>481.29998779296875</ele></trkpt><trkpt lat="46.472780112642795" lon="6.812180076725781"><ele>480.5</ele></trkpt><trkpt lat="46.47277011256665" lon="6.812330076470971"><ele>479.5</ele></trkpt><trkpt lat="46.47277011256665" lon="6.812450076453388"><ele>478.66998291015625</ele></trkpt><trkpt lat="46.47277011210099" lon="6.812560076359659"><ele>477.8999938964844</ele></trkpt><trkpt lat="46.47277011210099" lon="6.812580076511949"><ele>477.8399963378906</ele></trkpt><trkpt lat="46.472780112177134" lon="6.812670076265931"><ele>477.29998779296875</ele></trkpt><trkpt lat="46.47279011225328" lon="6.81271007610485"><ele>477.1899719238281</ele></trkpt><trkpt lat="46.47281011193991" lon="6.812810076400638"><ele>476.8999938964844</ele></trkpt><trkpt lat="46.47290011215955" lon="6.813280076254159"><ele>476.78997802734375</ele></trkpt><trkpt lat="46.47294011199847" lon="6.8135200762189925"><ele>477.1999816894531</ele></trkpt><trkpt lat="46.47301011253148" lon="6.814020076300949"><ele>478.79998779296875</ele></trkpt><trkpt lat="46.47303011221811" lon="6.814100076444447"><ele>478.7599792480469</ele></trkpt><trkpt lat="46.4730501123704" lon="6.8141700765118"><ele>478.719970703125</ele></trkpt><trkpt lat="46.47306011244655" lon="6.814210076350719"><ele>478.6999816894531</ele></trkpt><trkpt lat="46.47315011220053" lon="6.8144100764766335"><ele>478.8999938964844</ele></trkpt><trkpt lat="46.47318011242896" lon="6.814480076543987"><ele>479.1499938964844</ele></trkpt><trkpt lat="46.47320011258125" lon="6.814520076382905"><ele>479.29998779296875</ele></trkpt><trkpt lat="46.47322011273354" lon="6.814630076754838"><ele>479.6999816894531</ele></trkpt><trkpt lat="46.47323011280969" lon="6.814640076830983"><ele>479.7699890136719</ele></trkpt><trkpt lat="46.47325011296198" lon="6.81491007655859"><ele>480.6999816894531</ele></trkpt><trkpt lat="46.473270112648606" lon="6.8149700770154595"><ele>480.7599792480469</ele></trkpt><trkpt lat="46.473270112648606" lon="6.814990076702088"><ele>480.7699890136719</ele></trkpt><trkpt lat="46.473270112648606" lon="6.814990076702088"><ele>480.7699890136719</ele></trkpt><trkpt lat="46.473310112953186" lon="6.815070076845586"><ele>480.6999816894531</ele></trkpt><trkpt lat="46.473350112792104" lon="6.8151500769890845"><ele>480.79998779296875</ele></trkpt><trkpt lat="46.47344011301175" lon="6.815290077123791"><ele>481.5</ele></trkpt><trkpt lat="46.473600113298744" lon="6.815510077401996"><ele>483.5999755859375</ele></trkpt><trkpt lat="46.473600113298744" lon="6.815510076936334"><ele>483.5699768066406</ele></trkpt><trkpt lat="46.4735901132226" lon="6.815540077164769"><ele>483.5299987792969</ele></trkpt><trkpt lat="46.47357011353597" lon="6.815650077071041"><ele>483.3999938964844</ele></trkpt><trkpt lat="46.47348011331633" lon="6.816070077009499"><ele>482.3999938964844</ele></trkpt><trkpt lat="46.47345011308789" lon="6.816270077135414"><ele>481.55999755859375</ele></trkpt><trkpt lat="46.47344011301175" lon="6.816340076737106"><ele>481.1999816894531</ele></trkpt><trkpt lat="46.4734301129356" lon="6.8164500766433775"><ele>480.79998779296875</ele></trkpt><trkpt lat="46.4734301129356" lon="6.816540076863021"><ele>480.3999938964844</ele></trkpt><trkpt lat="46.473440112546086" lon="6.816760076675564"><ele>479.3999938964844</ele></trkpt><trkpt lat="46.47345011215657" lon="6.817060076631606"><ele>477.8999938964844</ele></trkpt><trkpt lat="46.4734701118432" lon="6.817500076256692"><ele>475.8999938964844</ele></trkpt><trkpt lat="46.47348011191934" lon="6.817520075943321"><ele>475.8499755859375</ele></trkpt><trkpt lat="46.47348011191934" lon="6.817590076010674"><ele>475.5999755859375</ele></trkpt><trkpt lat="46.47348011191934" lon="6.817760075908154"><ele>475.4399719238281</ele></trkpt><trkpt lat="46.47348011191934" lon="6.817850076127797"><ele>475.4399719238281</ele></trkpt><trkpt lat="46.47348011191934" lon="6.817980076186359"><ele>475.5</ele></trkpt><trkpt lat="46.4734701118432" lon="6.818150076083839"><ele>475.5999755859375</ele></trkpt><trkpt lat="46.4734701118432" lon="6.81830007629469"><ele>475.6999816894531</ele></trkpt><trkpt lat="46.473460111767054" lon="6.818520076107234"><ele>475.79998779296875</ele></trkpt><trkpt lat="46.47345011169091" lon="6.818670076318085"><ele>475.8999938964844</ele></trkpt><trkpt lat="46.47341011185199" lon="6.8193500763736665"><ele>476.3299865722656</ele></trkpt><trkpt lat="46.47339011216536" lon="6.81978007638827"><ele>477.1999816894531</ele></trkpt><trkpt lat="46.47336011240259" lon="6.820330076385289"><ele>478.79998779296875</ele></trkpt><trkpt lat="46.47335011232644" lon="6.820520076900721"><ele>479.3899841308594</ele></trkpt><trkpt lat="46.47332011256367" lon="6.820850076619536"><ele>480.5699768066406</ele></trkpt><trkpt lat="46.473310112953186" lon="6.820910077076405"><ele>480.79998779296875</ele></trkpt><trkpt lat="46.473140112590045" lon="6.8220000769943"><ele>480.0999755859375</ele></trkpt><trkpt lat="46.4731301125139" lon="6.822080076672137"><ele>479.6999816894531</ele></trkpt><trkpt lat="46.4731301125139" lon="6.822110076900572"><ele>479.5999755859375</ele></trkpt><trkpt lat="46.473120112437755" lon="6.822260076645762"><ele>478.8999938964844</ele></trkpt><trkpt lat="46.473120112437755" lon="6.82249007653445"><ele>478.0</ele></trkpt><trkpt lat="46.47313011204824" lon="6.82268007658422"><ele>477.17999267578125</ele></trkpt><trkpt lat="46.47314011212438" lon="6.822840076405555"><ele>476.5299987792969</ele></trkpt><trkpt lat="46.47314011165872" lon="6.823060076218098"><ele>475.5999755859375</ele></trkpt><trkpt lat="46.47316011134535" lon="6.823270075954497"><ele>474.5999755859375</ele></trkpt><trkpt lat="46.47318011149764" lon="6.823550075758249"><ele>473.8399963378906</ele></trkpt><trkpt lat="46.473190111573786" lon="6.823610075749457"><ele>473.8199768066406</ele></trkpt><trkpt lat="46.47319010319188" lon="6.823610069230199"><ele>473.8199768066406</ele></trkpt><trkpt lat="46.47319010319188" lon="6.8236600696109235"><ele>473.79998779296875</ele></trkpt><trkpt lat="46.47319010319188" lon="6.823730069678277"><ele>473.8999938964844</ele></trkpt><trkpt lat="46.47319010319188" lon="6.823750069364905"><ele>473.9399719238281</ele></trkpt><trkpt lat="46.47318010311574" lon="6.82378006959334"><ele>474.0</ele></trkpt><trkpt lat="46.47316010342911" lon="6.823960069566965"><ele>475.1099853515625</ele></trkpt><trkpt lat="46.47316010342911" lon="6.82397006964311"><ele>475.17999267578125</ele></trkpt><trkpt lat="46.47314010327682" lon="6.8241100697778165"><ele>476.0</ele></trkpt><trkpt lat="46.473130103666335" lon="6.8242800696752965"><ele>476.5</ele></trkpt><trkpt lat="46.473130103666335" lon="6.824340069666505"><ele>476.5899963378906</ele></trkpt><trkpt lat="46.473130103666335" lon="6.824450070038438"><ele>476.6999816894531</ele></trkpt><trkpt lat="46.47312010359019" lon="6.824580069631338"><ele>476.6199951171875</ele></trkpt><trkpt lat="46.47312010359019" lon="6.824640069622546"><ele>476.5999755859375</ele></trkpt><trkpt lat="46.47312010359019" lon="6.824870069976896"><ele>476.1999816894531</ele></trkpt><trkpt lat="46.47312010359019" lon="6.824890069663525"><ele>476.16998291015625</ele></trkpt><trkpt lat="46.473150103352964" lon="6.825160069856793"><ele>475.8999938964844</ele></trkpt><trkpt lat="46.47319010319188" lon="6.825590069871396"><ele>475.75</ele></trkpt><trkpt lat="46.47324010357261" lon="6.825990069657564"><ele>476.3199768066406</ele></trkpt><trkpt lat="46.47324010357261" lon="6.825990069657564"><ele>476.3999938964844</ele></trkpt><trkpt lat="46.47325010364875" lon="6.826060069724917"><ele>476.5299987792969</ele></trkpt><trkpt lat="46.47325010364875" lon="6.826060069724917"><ele>476.5</ele></trkpt><trkpt lat="46.4732601037249" lon="6.826130069792271"><ele>476.719970703125</ele></trkpt><trkpt lat="46.47327010380104" lon="6.8261600700207055"><ele>476.79998779296875</ele></trkpt><trkpt lat="46.473300103563815" lon="6.826400069985539"><ele>476.8999938964844</ele></trkpt><trkpt lat="46.47331010363996" lon="6.8265300700441"><ele>476.6999816894531</ele></trkpt><trkpt lat="46.47331010363996" lon="6.826600069645792"><ele>476.53997802734375</ele></trkpt><trkpt lat="46.473300103563815" lon="6.8268400696106255"><ele>476.0699768066406</ele></trkpt><trkpt lat="46.473300103563815" lon="6.826900069601834"><ele>475.8999938964844</ele></trkpt><trkpt lat="46.473300103563815" lon="6.826930069830269"><ele>475.8899841308594</ele></trkpt><trkpt lat="46.473280103411525" lon="6.827010069973767"><ele>475.79998779296875</ele></trkpt><trkpt lat="46.47327010333538" lon="6.827080069575459"><ele>475.6099853515625</ele></trkpt><trkpt lat="46.47327010333538" lon="6.827150069642812"><ele>475.5</ele></trkpt><trkpt lat="46.47325010318309" lon="6.82723006978631"><ele>475.29998779296875</ele></trkpt><trkpt lat="46.47322010342032" lon="6.827340069692582"><ele>475.0699768066406</ele></trkpt><trkpt lat="46.47317010303959" lon="6.827610069420189"><ele>474.3999938964844</ele></trkpt><trkpt lat="46.47302010236308" lon="6.828220069408417"><ele>471.5999755859375</ele></trkpt><trkpt lat="46.47296010237187" lon="6.828480069059879"><ele>470.29998779296875</ele></trkpt><trkpt lat="46.47288010222837" lon="6.828770068939775"><ele>468.79998779296875</ele></trkpt><trkpt lat="46.47287010215223" lon="6.828790068626404"><ele>468.6999816894531</ele></trkpt><trkpt lat="46.472840101923794" lon="6.828860068693757"><ele>468.1999816894531</ele></trkpt><trkpt lat="46.47283010184765" lon="6.8289000685326755"><ele>467.989990234375</ele></trkpt><trkpt lat="46.472820101771504" lon="6.828940068837255"><ele>467.6999816894531</ele></trkpt><trkpt lat="46.472780101466924" lon="6.828990068752319"><ele>467.2599792480469</ele></trkpt><trkpt lat="46.47275010170415" lon="6.829010068438947"><ele>466.9499816894531</ele></trkpt><trkpt lat="46.472720101475716" lon="6.829050068743527"><ele>466.5999755859375</ele></trkpt><trkpt lat="46.47266010148451" lon="6.8290700684301555"><ele>466.0999755859375</ele></trkpt><trkpt lat="46.472610101569444" lon="6.829090068582445"><ele>465.5999755859375</ele></trkpt><trkpt lat="46.47248010104522" lon="6.829060068354011"><ele>464.79998779296875</ele></trkpt><trkpt lat="46.47245010128245" lon="6.829050068277866"><ele>464.5</ele></trkpt><trkpt lat="46.47241010097787" lon="6.829020068049431"><ele>464.3899841308594</ele></trkpt><trkpt lat="46.472380101215094" lon="6.829000068362802"><ele>464.29998779296875</ele></trkpt><trkpt lat="46.472380101215094" lon="6.829000068362802"><ele>464.2699890136719</ele></trkpt><trkpt lat="46.47239010129124" lon="6.829100068192929"><ele>464.5999755859375</ele></trkpt><trkpt lat="46.47241010097787" lon="6.829160068184137"><ele>464.8199768066406</ele></trkpt><trkpt lat="46.47242010105401" lon="6.829210068564862"><ele>465.0</ele></trkpt><trkpt lat="46.47247010143474" lon="6.829350068233907"><ele>465.3999938964844</ele></trkpt><trkpt lat="46.47248010151088" lon="6.829390068538487"><ele>465.5799865722656</ele></trkpt><trkpt lat="46.47264010179788" lon="6.8298000688664615"><ele>467.3999938964844</ele></trkpt><trkpt lat="46.47277010185644" lon="6.830160068813711"><ele>469.2099914550781</ele></trkpt><trkpt lat="46.47281010216102" lon="6.830290068872273"><ele>470.0</ele></trkpt><trkpt lat="46.4728501024656" lon="6.830370069015771"><ele>470.5999755859375</ele></trkpt><trkpt lat="46.4728501024656" lon="6.830380069091916"><ele>470.5799865722656</ele></trkpt><trkpt lat="46.47289010230452" lon="6.830440069083124"><ele>471.29998779296875</ele></trkpt><trkpt lat="46.47295010276139" lon="6.830510069150478"><ele>472.1199951171875</ele></trkpt><trkpt lat="46.47295010276139" lon="6.830520069226623"><ele>472.2099914550781</ele></trkpt><trkpt lat="46.47314010327682" lon="6.830730069894344"><ele>475.1999816894531</ele></trkpt><trkpt lat="46.47325010364875" lon="6.830860069952905"><ele>477.0</ele></trkpt><trkpt lat="46.47327010380104" lon="6.830880070105195"><ele>477.3999938964844</ele></trkpt><trkpt lat="46.47333010379225" lon="6.830940070096403"><ele>478.2599792480469</ele></trkpt><trkpt lat="46.47333010379225" lon="6.830940070096403"><ele>478.1999816894531</ele></trkpt><trkpt lat="46.47333010379225" lon="6.830940070096403"><ele>478.219970703125</ele></trkpt><trkpt lat="46.47333010379225" lon="6.830940070096403"><ele>478.2099914550781</ele></trkpt><trkpt lat="46.47329010395333" lon="6.831010070163757"><ele>477.3999938964844</ele></trkpt><trkpt lat="46.47324010357261" lon="6.83106007007882"><ele>476.1999816894531</ele></trkpt><trkpt lat="46.473150103352964" lon="6.831140069756657"><ele>474.55999755859375</ele></trkpt><trkpt lat="46.47314010327682" lon="6.831140069756657"><ele>474.489990234375</ele></trkpt><trkpt lat="46.47310010297224" lon="6.8311600694432855"><ele>473.8999938964844</ele></trkpt><trkpt lat="46.472970102448016" lon="6.831220069434494"><ele>471.8999938964844</ele></trkpt><trkpt lat="46.47295010276139" lon="6.831240069121122"><ele>471.6299743652344</ele></trkpt><trkpt lat="46.47294010268524" lon="6.831260069273412"><ele>471.29998779296875</ele></trkpt><trkpt lat="46.47291010245681" lon="6.831270069349557"><ele>470.91998291015625</ele></trkpt><trkpt lat="46.47290010238066" lon="6.831280068960041"><ele>470.6999816894531</ele></trkpt><trkpt lat="46.47288010222837" lon="6.8313200692646205"><ele>470.30999755859375</ele></trkpt><trkpt lat="46.47280010115355" lon="6.831610068213195"><ele>465.17999267578125</ele></trkpt><trkpt lat="46.4726900998503" lon="6.831910067703575"><ele>458.0999755859375</ele></trkpt><trkpt lat="46.47266009962186" lon="6.831960067152977"><ele>456.8999938964844</ele></trkpt><trkpt lat="46.47264009946957" lon="6.831990067381412"><ele>456.05999755859375</ele></trkpt><trkpt lat="46.47263009939343" lon="6.832000066991895"><ele>455.79998779296875</ele></trkpt><trkpt lat="46.47261009924114" lon="6.832020067144185"><ele>455.05999755859375</ele></trkpt><trkpt lat="46.47255009878427" lon="6.832070066593587"><ele>453.1999816894531</ele></trkpt><trkpt lat="46.47249009879306" lon="6.832110066432506"><ele>451.5299987792969</ele></trkpt><trkpt lat="46.47243009833619" lon="6.832170066423714"><ele>449.3999938964844</ele></trkpt><trkpt lat="46.47239009803161" lon="6.832210066262633"><ele>448.5699768066406</ele></trkpt><trkpt lat="46.47237009787932" lon="6.832240066025406"><ele>447.79998779296875</ele></trkpt><trkpt lat="46.472320097498596" lon="6.832280065864325"><ele>446.79998779296875</ele></trkpt><trkpt lat="46.47229009727016" lon="6.8322900659404695"><ele>446.0999755859375</ele></trkpt><trkpt lat="46.47227009758353" lon="6.8322900659404695"><ele>445.78997802734375</ele></trkpt><trkpt lat="46.47223009727895" lon="6.8322900659404695"><ele>445.1999816894531</ele></trkpt><trkpt lat="46.47222009720281" lon="6.832380065694451"><ele>445.17999267578125</ele></trkpt><trkpt lat="46.47220009751618" lon="6.8326400658115745"><ele>445.15997314453125</ele></trkpt><trkpt lat="46.472190097440034" lon="6.832730065565556"><ele>445.1199951171875</ele></trkpt><trkpt lat="46.4721600972116" lon="6.832950065843761"><ele>445.2599792480469</ele></trkpt><trkpt lat="46.47228009765968" lon="6.832970065996051"><ele>446.8199768066406</ele></trkpt><trkpt lat="46.47230009781197" lon="6.833120066206902"><ele>447.80999755859375</ele></trkpt><trkpt lat="46.47230009781197" lon="6.8332000663504004"><ele>448.3299865722656</ele></trkpt><trkpt lat="46.47229009820148" lon="6.833310066256672"><ele>448.79998779296875</ele></trkpt><trkpt lat="46.47226009797305" lon="6.833530066534877"><ele>449.719970703125</ele></trkpt><trkpt lat="46.47224009828642" lon="6.833720066584647"><ele>450.5199890136719</ele></trkpt><trkpt lat="46.47222009859979" lon="6.833860066719353"><ele>451.16998291015625</ele></trkpt><trkpt lat="46.47222009859979" lon="6.833910066634417"><ele>451.5</ele></trkpt><trkpt lat="46.47223009867594" lon="6.83398006670177"><ele>451.8399963378906</ele></trkpt><trkpt lat="46.47223009867594" lon="6.8341000666841865"><ele>452.6899719238281</ele></trkpt><trkpt lat="46.47228009952232" lon="6.834460067097098"><ele>455.53997802734375</ele></trkpt><trkpt lat="46.47231009975076" lon="6.834630067460239"><ele>456.9399719238281</ele></trkpt><trkpt lat="46.4723200998269" lon="6.834740067366511"><ele>457.8699951171875</ele></trkpt><trkpt lat="46.4723200998269" lon="6.834850067738444"><ele>458.65997314453125</ele></trkpt><trkpt lat="46.47232010029256" lon="6.835070068016648"><ele>460.3799743652344</ele></trkpt><trkpt lat="46.47232010029256" lon="6.835150067694485"><ele>460.92999267578125</ele></trkpt><trkpt lat="46.47231010114774" lon="6.835540068335831"><ele>463.3999938964844</ele></trkpt><trkpt lat="46.47231010114774" lon="6.835630068089813"><ele>463.79998779296875</ele></trkpt><trkpt lat="46.47231010114774" lon="6.835690068081021"><ele>463.8599853515625</ele></trkpt><trkpt lat="46.472300101071596" lon="6.835850068368018"><ele>464.2699890136719</ele></trkpt><trkpt lat="46.47231010114774" lon="6.836010068189353"><ele>464.79998779296875</ele></trkpt><trkpt lat="46.472360101528466" lon="6.836540068499744"><ele>466.9499816894531</ele></trkpt><trkpt lat="46.472380101680756" lon="6.836790069006383"><ele>467.92999267578125</ele></trkpt><trkpt lat="46.472400101833045" lon="6.836940068751574"><ele>468.53997802734375</ele></trkpt><trkpt lat="46.47243010206148" lon="6.83708006888628"><ele>469.04998779296875</ele></trkpt><trkpt lat="46.47247010236606" lon="6.837240069173276"><ele>469.6099853515625</ele></trkpt><trkpt lat="46.4725601025857" lon="6.837590069044381"><ele>471.03997802734375</ele></trkpt><trkpt lat="46.47259010234848" lon="6.837710069492459"><ele>471.5</ele></trkpt><trkpt lat="46.47261010296643" lon="6.8377800695598125"><ele>472.5299987792969</ele></trkpt><trkpt lat="46.47261011134833" lon="6.837780076079071"><ele>472.5299987792969</ele></trkpt><trkpt lat="46.4727201112546" lon="6.8382400763221085"><ele>473.55999755859375</ele></trkpt><trkpt lat="46.47274011140689" lon="6.83833007607609"><ele>474.0099792480469</ele></trkpt><trkpt lat="46.47278011171147" lon="6.838430076371878"><ele>474.5999755859375</ele></trkpt><trkpt lat="46.47282011155039" lon="6.83852007612586"><ele>475.2699890136719</ele></trkpt><trkpt lat="46.472870111931115" lon="6.838610076345503"><ele>476.04998779296875</ele></trkpt><trkpt lat="46.472890112083405" lon="6.838640076573938"><ele>476.3599853515625</ele></trkpt><trkpt lat="46.47278011171147" lon="6.838670076336712"><ele>474.65997314453125</ele></trkpt><trkpt lat="46.47267011087388" lon="6.838700076099485"><ele>472.3899841308594</ele></trkpt><trkpt lat="46.47263011103496" lon="6.838720075786114"><ele>471.7099914550781</ele></trkpt><trkpt lat="46.47261011088267" lon="6.838760075625032"><ele>471.2799987792969</ele></trkpt><trkpt lat="46.472600110806525" lon="6.838810076005757"><ele>471.0999755859375</ele></trkpt><trkpt lat="46.47259011073038" lon="6.838870075996965"><ele>470.9599914550781</ele></trkpt><trkpt lat="46.47268011048436" lon="6.839410075452179"><ele>469.7699890136719</ele></trkpt><trkpt lat="46.47277011023834" lon="6.839760075323284"><ele>468.7099914550781</ele></trkpt><trkpt lat="46.4728901097551" lon="6.840230075176805"><ele>466.80999755859375</ele></trkpt><trkpt lat="46.472920109983534" lon="6.840350075159222"><ele>466.22998046875</ele></trkpt><trkpt lat="46.47295010974631" lon="6.840500074904412"><ele>465.6299743652344</ele></trkpt><trkpt lat="46.472970109432936" lon="6.840630074962974"><ele>465.1299743652344</ele></trkpt><trkpt lat="46.47300010966137" lon="6.840880075003952"><ele>464.0999755859375</ele></trkpt><trkpt lat="46.473010109271854" lon="6.84092007484287"><ele>463.9499816894531</ele></trkpt><trkpt lat="46.473020109348" lon="6.840960074681789"><ele>463.91998291015625</ele></trkpt><trkpt lat="46.473050109576434" lon="6.841070075053722"><ele>463.7599792480469</ele></trkpt><trkpt lat="46.473160109482706" lon="6.8414400750771165"><ele>464.3999938964844</ele></trkpt><trkpt lat="46.473260109778494" lon="6.841760075185448"><ele>465.3899841308594</ele></trkpt><trkpt lat="46.47331010969356" lon="6.841960075311363"><ele>466.0899963378906</ele></trkpt><trkpt lat="46.47334010992199" lon="6.842100075446069"><ele>466.489990234375</ele></trkpt><trkpt lat="46.47335010999814" lon="6.842180075123906"><ele>466.6899719238281</ele></trkpt><trkpt lat="46.47336011007428" lon="6.842270075343549"><ele>466.8799743652344</ele></trkpt><trkpt lat="46.47336011007428" lon="6.842350075487047"><ele>467.0099792480469</ele></trkpt><trkpt lat="46.47336011007428" lon="6.842600075528026"><ele>466.989990234375</ele></trkpt><trkpt lat="46.47336011007428" lon="6.842720075044781"><ele>466.72998046875</ele></trkpt><trkpt lat="46.47336011007428" lon="6.842840075027198"><ele>466.3599853515625</ele></trkpt><trkpt lat="46.47340010944754" lon="6.843140074983239"><ele>465.219970703125</ele></trkpt><trkpt lat="46.47342010959983" lon="6.843280075117946"><ele>464.9499816894531</ele></trkpt><trkpt lat="46.473430109675974" lon="6.843360075261444"><ele>465.0199890136719</ele></trkpt><trkpt lat="46.47346010990441" lon="6.8434800752438605"><ele>465.3799743652344</ele></trkpt><trkpt lat="46.4735601102002" lon="6.843820075504482"><ele>467.15997314453125</ele></trkpt><trkpt lat="46.47361011011526" lon="6.843990075401962"><ele>467.239990234375</ele></trkpt><trkpt lat="46.47363011026755" lon="6.84405007539317"><ele>467.3199768066406</ele></trkpt><trkpt lat="46.4736901097931" lon="6.8442800752818584"><ele>466.1899719238281</ele></trkpt><trkpt lat="46.473730109632015" lon="6.844470074865967"><ele>464.97998046875</ele></trkpt><trkpt lat="46.47381010930985" lon="6.844890074804425"><ele>462.4399719238281</ele></trkpt><trkpt lat="46.47390010859817" lon="6.84539007442072"><ele>460.2799987792969</ele></trkpt><trkpt lat="46.47391010867432" lon="6.845440074335784"><ele>460.1199951171875</ele></trkpt><trkpt lat="46.473950108513236" lon="6.84558007447049"><ele>459.79998779296875</ele></trkpt><trkpt lat="46.4740001084283" lon="6.84573007421568"><ele>459.4599914550781</ele></trkpt><trkpt lat="46.47415010817349" lon="6.846180074382573"><ele>458.5699768066406</ele></trkpt><trkpt lat="46.474180108401924" lon="6.846270074136555"><ele>458.3599853515625</ele></trkpt><trkpt lat="46.474180108401924" lon="6.8463300741277635"><ele>458.239990234375</ele></trkpt><trkpt lat="46.47419010847807" lon="6.846390074118972"><ele>458.1299743652344</ele></trkpt><trkpt lat="46.474180108401924" lon="6.846460074186325"><ele>457.969970703125</ele></trkpt><trkpt lat="46.47417010832578" lon="6.846530074253678"><ele>457.78997802734375</ele></trkpt><trkpt lat="46.474140108097345" lon="6.846610073931515"><ele>457.6099853515625</ele></trkpt><trkpt lat="46.47411010833457" lon="6.846700074151158"><ele>457.5099792480469</ele></trkpt><trkpt lat="46.474080108106136" lon="6.846750074066222"><ele>457.3999938964844</ele></trkpt><trkpt lat="46.473930107895285" lon="6.846910073887557"><ele>457.22998046875</ele></trkpt><trkpt lat="46.47379010822624" lon="6.847050074022263"><ele>457.1499938964844</ele></trkpt><trkpt lat="46.47363010793924" lon="6.847210073843598"><ele>457.0299987792969</ele></trkpt><trkpt lat="46.473650108557194" lon="6.847250074148178"><ele>458.6299743652344</ele></trkpt><trkpt lat="46.47363010793924" lon="6.847210073843598"><ele>457.0299987792969</ele></trkpt><trkpt lat="46.47348010726273" lon="6.846970073413104"><ele>452.739990234375</ele></trkpt><trkpt lat="46.47327010612935" lon="6.846650072839111"><ele>447.719970703125</ele></trkpt><trkpt lat="46.47330010589212" lon="6.846560072619468"><ele>447.1999816894531</ele></trkpt><trkpt lat="46.47329010628164" lon="6.846550072543323"><ele>447.2099914550781</ele></trkpt><trkpt lat="46.47324010543525" lon="6.846520072314888"><ele>444.0199890136719</ele></trkpt><trkpt lat="46.47323010535911" lon="6.846520072314888"><ele>443.9599914550781</ele></trkpt><trkpt lat="46.47322010528296" lon="6.846510072238743"><ele>443.9499816894531</ele></trkpt><trkpt lat="46.47307010507211" lon="6.8464200720191"><ele>442.5899963378906</ele></trkpt><trkpt lat="46.47300010500476" lon="6.846320072188973"><ele>441.8399963378906</ele></trkpt><trkpt lat="46.47297010477632" lon="6.846280071884394"><ele>441.53997802734375</ele></trkpt><trkpt lat="46.472950105089694" lon="6.84625007212162"><ele>441.1299743652344</ele></trkpt><trkpt lat="46.47265010420233" lon="6.845860071480274"><ele>437.239990234375</ele></trkpt><trkpt lat="46.4724601036869" lon="6.845590071287006"><ele>435.2599792480469</ele></trkpt><trkpt lat="46.47232010308653" lon="6.845400070771575"><ele>433.2799987792969</ele></trkpt><trkpt lat="46.472200103104115" lon="6.8452500705607235"><ele>431.969970703125</ele></trkpt><trkpt lat="46.47211010288447" lon="6.845100070349872"><ele>430.7699890136719</ele></trkpt><trkpt lat="46.47204010281712" lon="6.8449900704436"><ele>429.9499816894531</ele></trkpt><trkpt lat="46.47196010267362" lon="6.844900070223957"><ele>429.2699890136719</ele></trkpt><trkpt lat="46.471720102243125" lon="6.8446900700218976"><ele>427.7599792480469</ele></trkpt><trkpt lat="46.47167010232806" lon="6.844650070182979"><ele>427.5</ele></trkpt><trkpt lat="46.47158010210842" lon="6.844600069802254"><ele>427.05999755859375</ele></trkpt><trkpt lat="46.471550101879984" lon="6.844570070039481"><ele>426.66998291015625</ele></trkpt><trkpt lat="46.47152010211721" lon="6.844530069734901"><ele>426.28997802734375</ele></trkpt><trkpt lat="46.471470101736486" lon="6.844430069904774"><ele>425.2599792480469</ele></trkpt><trkpt lat="46.471430101431906" lon="6.844350069761276"><ele>424.6199951171875</ele></trkpt><trkpt lat="46.47127010114491" lon="6.84398006927222"><ele>422.5199890136719</ele></trkpt><trkpt lat="46.4712101011537" lon="6.843900069594383"><ele>422.3599853515625</ele></trkpt><trkpt lat="46.47116010123864" lon="6.843840069137514"><ele>422.16998291015625</ele></trkpt><trkpt lat="46.47112010093406" lon="6.843770069535822"><ele>422.03997802734375</ele></trkpt><trkpt lat="46.47103010118008" lon="6.8435900690965354"><ele>421.79998779296875</ele></trkpt><trkpt lat="46.47095010103658" lon="6.84345006942749"><ele>421.6099853515625</ele></trkpt><trkpt lat="46.470860100816935" lon="6.8432400692254305"><ele>421.3599853515625</ele></trkpt><trkpt lat="46.47077010106295" lon="6.843080069404095"><ele>421.3699951171875</ele></trkpt><trkpt lat="46.47066010115668" lon="6.843160069081932"><ele>421.8299865722656</ele></trkpt><trkpt lat="46.47046010103077" lon="6.843300069216639"><ele>422.3599853515625</ele></trkpt><trkpt lat="46.47025010129437" lon="6.843440069351345"><ele>422.66998291015625</ele></trkpt><trkpt lat="46.47012010123581" lon="6.843530069570988"><ele>422.80999755859375</ele></trkpt><trkpt lat="46.47012010123581" lon="6.843530069570988"><ele>422.79998779296875</ele></trkpt><trkpt lat="46.47013010131195" lon="6.8433500695973635"><ele>422.5299987792969</ele></trkpt><trkpt lat="46.47013010131195" lon="6.8433400695212185"><ele>422.5099792480469</ele></trkpt><trkpt lat="46.470140100922436" lon="6.843160069547594"><ele>422.15997314453125</ele></trkpt><trkpt lat="46.47015010099858" lon="6.8430700693279505"><ele>421.969970703125</ele></trkpt><trkpt lat="46.47015010099858" lon="6.842990069184452"><ele>421.79998779296875</ele></trkpt><trkpt lat="46.47015010099858" lon="6.842990069184452"><ele>421.7799987792969</ele></trkpt><trkpt lat="46.47006010077894" lon="6.842990069184452"><ele>421.1399841308594</ele></trkpt><trkpt lat="46.46998010063544" lon="6.843000069260597"><ele>420.4599914550781</ele></trkpt><trkpt lat="46.469950100872666" lon="6.842850069049746"><ele>420.239990234375</ele></trkpt><trkpt lat="46.46987010072917" lon="6.842900068964809"><ele>419.6399841308594</ele></trkpt><trkpt lat="46.4698101002723" lon="6.842940068803728"><ele>419.3599853515625</ele></trkpt><trkpt lat="46.46977010043338" lon="6.842950068879873"><ele>419.2599792480469</ele></trkpt><trkpt lat="46.46973010059446" lon="6.842950068879873"><ele>419.1299743652344</ele></trkpt><trkpt lat="46.469680100213736" lon="6.842930068727583"><ele>418.969970703125</ele></trkpt><trkpt lat="46.469570100307465" lon="6.842840068973601"><ele>418.3999938964844</ele></trkpt></trkseg></trk></gpx>