<?xml version="1.0" encoding="utf-8"?><gpx version="1.1" creator="MySchweizMobil - https://map.schweizmobil.ch/" xmlns:xsi="http://www.w3.org/2001/XMLSchema-instance" xmlns="http://www.topografix.com/GPX/1/1" xsi:schemaLocation="http://www.topografix.com/GPX/1/1 http://www.topografix.com/GPX/1/1/gpx.xsd"><metadata><name>Marche ETML 2026</name><bounds minlat="46.46957009192556" minlon="6.7280900571495295" maxlat="46.49131008796394" maxlon="6.84725006762892" /></metadata><trk><name>Marche ETML 2026</name><trkseg><trkpt lat="46.489030085969716" lon="6.7280900571495295"><ele>388.0899963378906</ele></trkpt><trkpt lat="46.48910008603707" lon="6.728400057181716"><ele>388.54998779296875</ele></trkpt><trkpt lat="46.489210086409" lon="6.728800057433546"><ele>390.22998046875</ele></trkpt><trkpt lat="46.489300086628646" lon="6.729080057702959"><ele>391.25</ele></trkpt><trkpt lat="46.489400086924434" lon="6.729340057820082"><ele>392.0899963378906</ele></trkpt><trkpt lat="46.489530086982995" lon="6.729690057691187"><ele>392.22998046875</ele></trkpt><trkpt lat="46.48971008695662" lon="6.730180057696998"><ele>392.17999267578125</ele></trkpt><trkpt lat="46.48983008693904" lon="6.730510057415813"><ele>391.9399719238281</ele></trkpt><trkpt lat="46.4898800868541" lon="6.73065005755052"><ele>392.29998779296875</ele></trkpt><trkpt lat="46.49001008737832" lon="6.730970058124512"><ele>394.40997314453125</ele></trkpt><trkpt lat="46.49007008736953" lon="6.731150058098137"><ele>395.1099853515625</ele></trkpt><trkpt lat="46.490100087597966" lon="6.731240057852119"><ele>395.0699768066406</ele></trkpt><trkpt lat="46.49015008751303" lon="6.731340058147907"><ele>394.90997314453125</ele></trkpt><trkpt lat="46.49023008765653" lon="6.731450058054179"><ele>394.8599853515625</ele></trkpt><trkpt lat="46.490290087182075" lon="6.731720057781786"><ele>393.8499755859375</ele></trkpt><trkpt lat="46.49051008652896" lon="6.732590057421476"><ele>390.8299865722656</ele></trkpt><trkpt lat="46.490570086520165" lon="6.732870057225227"><ele>390.3699951171875</ele></trkpt><trkpt lat="46.49062008643523" lon="6.733220057561994"><ele>389.97998046875</ele></trkpt><trkpt lat="46.4907300863415" lon="6.733550057280809"><ele>390.0799865722656</ele></trkpt><trkpt lat="46.49085008678958" lon="6.733940057456493"><ele>390.25</ele></trkpt><trkpt lat="46.490930086467415" lon="6.734220057260245"><ele>390.3999938964844</ele></trkpt><trkpt lat="46.490970086771995" lon="6.7343800575472414"><ele>390.4599914550781</ele></trkpt><trkpt lat="46.49098008684814" lon="6.734430057462305"><ele>390.54998779296875</ele></trkpt><trkpt lat="46.49098008684814" lon="6.73444005753845"><ele>390.55999755859375</ele></trkpt><trkpt lat="46.49100008653477" lon="6.734560057520866"><ele>390.65997314453125</ele></trkpt><trkpt lat="46.49104008683935" lon="6.734810057561845"><ele>390.8199768066406</ele></trkpt><trkpt lat="46.49108008667827" lon="6.735130057670176"><ele>391.03997802734375</ele></trkpt><trkpt lat="46.4911100869067" lon="6.735230057500303"><ele>391.0999755859375</ele></trkpt><trkpt lat="46.491140086669475" lon="6.735310057643801"><ele>391.2599792480469</ele></trkpt><trkpt lat="46.49120008666068" lon="6.7354400577023625"><ele>391.8599853515625</ele></trkpt><trkpt lat="46.49125008704141" lon="6.735560057684779"><ele>392.6399841308594</ele></trkpt><trkpt lat="46.49128008726984" lon="6.735680057667196"><ele>393.3899841308594</ele></trkpt><trkpt lat="46.49129008734599" lon="6.735880058258772"><ele>394.6499938964844</ele></trkpt><trkpt lat="46.49129008781165" lon="6.736070058308542"><ele>395.8299865722656</ele></trkpt><trkpt lat="46.49129008781165" lon="6.7362800585106015"><ele>397.1199951171875</ele></trkpt><trkpt lat="46.491300087887794" lon="6.736400058493018"><ele>397.90997314453125</ele></trkpt><trkpt lat="46.491300088353455" lon="6.736500058323145"><ele>398.3399963378906</ele></trkpt><trkpt lat="46.491300088353455" lon="6.736500058323145"><ele>398.3399963378906</ele></trkpt><trkpt lat="46.491300088353455" lon="6.736500058323145"><ele>398.29998779296875</ele></trkpt><trkpt lat="46.49131008796394" lon="6.73670005844906"><ele>398.1999816894531</ele></trkpt><trkpt lat="46.49131008796394" lon="6.737340058665723"><ele>397.8599853515625</ele></trkpt><trkpt lat="46.49131008796394" lon="6.737430058419704"><ele>398.0</ele></trkpt><trkpt lat="46.49131008796394" lon="6.737560058478266"><ele>398.1999816894531</ele></trkpt><trkpt lat="46.491280088201165" lon="6.737670058384538"><ele>398.3299865722656</ele></trkpt><trkpt lat="46.491260088048875" lon="6.737770058680326"><ele>398.5</ele></trkpt><trkpt lat="46.49124008836225" lon="6.737940058577806"><ele>398.65997314453125</ele></trkpt><trkpt lat="46.49119008844718" lon="6.7383300587534904"><ele>399.0999755859375</ele></trkpt><trkpt lat="46.49114008853212" lon="6.738590058870614"><ele>399.469970703125</ele></trkpt><trkpt lat="46.491130088455975" lon="6.738640058785677"><ele>399.5</ele></trkpt><trkpt lat="46.49107008846477" lon="6.738850058987737"><ele>400.0</ele></trkpt><trkpt lat="46.49107008846477" lon="6.738850058987737"><ele>400.0199890136719</ele></trkpt><trkpt lat="46.49106008838862" lon="6.7389400587417185"><ele>400.29998779296875</ele></trkpt><trkpt lat="46.49106008885428" lon="6.739040059037507"><ele>400.989990234375</ele></trkpt><trkpt lat="46.49107008893043" lon="6.739120059181005"><ele>401.6999816894531</ele></trkpt><trkpt lat="46.49104008870199" lon="6.739180059172213"><ele>402.0</ele></trkpt><trkpt lat="46.49103008909151" lon="6.739200058858842"><ele>402.239990234375</ele></trkpt><trkpt lat="46.49101008893922" lon="6.739240059163421"><ele>402.5999755859375</ele></trkpt><trkpt lat="46.49099008925259" lon="6.73930005915463"><ele>403.219970703125</ele></trkpt><trkpt lat="46.49097008956596" lon="6.739380059298128"><ele>404.29998779296875</ele></trkpt><trkpt lat="46.49096008948982" lon="6.739440059289336"><ele>404.8699951171875</ele></trkpt><trkpt lat="46.49094008980319" lon="6.739530059508979"><ele>405.79998779296875</ele></trkpt><trkpt lat="46.4909200896509" lon="6.7396100596524775"><ele>406.6199951171875</ele></trkpt><trkpt lat="46.490910090040416" lon="6.739630059804767"><ele>406.8999938964844</ele></trkpt><trkpt lat="46.490910090040416" lon="6.739650059491396"><ele>407.0</ele></trkpt><trkpt lat="46.490910090040416" lon="6.739700059872121"><ele>407.3999938964844</ele></trkpt><trkpt lat="46.49091009050608" lon="6.739920060150325"><ele>408.8999938964844</ele></trkpt><trkpt lat="46.49090009042993" lon="6.739970060065389"><ele>409.15997314453125</ele></trkpt><trkpt lat="46.49090009042993" lon="6.740010059904307"><ele>409.3999938964844</ele></trkpt><trkpt lat="46.49088009027764" lon="6.74010006012395"><ele>409.6999816894531</ele></trkpt><trkpt lat="46.490800090599805" lon="6.740510060451925"><ele>411.0999755859375</ele></trkpt><trkpt lat="46.4907500911504" lon="6.740730060264468"><ele>412.0999755859375</ele></trkpt><trkpt lat="46.490710091311485" lon="6.740950060542673"><ele>413.5</ele></trkpt><trkpt lat="46.49070009123534" lon="6.741000060457736"><ele>413.739990234375</ele></trkpt><trkpt lat="46.49066009139642" lon="6.741330060642213"><ele>414.6899719238281</ele></trkpt><trkpt lat="46.49064009124413" lon="6.741470060776919"><ele>414.6999816894531</ele></trkpt><trkpt lat="46.4906100910157" lon="6.741790060419589"><ele>412.0</ele></trkpt><trkpt lat="46.49060009047389" lon="6.742150059901178"><ele>409.0</ele></trkpt><trkpt lat="46.490590089932084" lon="6.742410060018301"><ele>408.28997802734375</ele></trkpt><trkpt lat="46.490590089932084" lon="6.742530060000718"><ele>408.29998779296875</ele></trkpt><trkpt lat="46.490590090397745" lon="6.742610060144216"><ele>408.6099853515625</ele></trkpt><trkpt lat="46.49057009071112" lon="6.742920060176402"><ele>410.29998779296875</ele></trkpt><trkpt lat="46.49057009071112" lon="6.742970060091466"><ele>410.4399719238281</ele></trkpt><trkpt lat="46.49057009071112" lon="6.743020060006529"><ele>410.5999755859375</ele></trkpt><trkpt lat="46.49057009071112" lon="6.743030060082674"><ele>410.6499938964844</ele></trkpt><trkpt lat="46.49056009063497" lon="6.7430700599215925"><ele>410.1999816894531</ele></trkpt><trkpt lat="46.49054009048268" lon="6.743120060302317"><ele>409.79998779296875</ele></trkpt><trkpt lat="46.49054009048268" lon="6.743120060302317"><ele>409.7099914550781</ele></trkpt><trkpt lat="46.49056009063497" lon="6.743140059988946"><ele>409.6999816894531</ele></trkpt><trkpt lat="46.49058009078726" lon="6.74319006036967"><ele>410.3999938964844</ele></trkpt><trkpt lat="46.490610090550035" lon="6.743270060513169"><ele>411.3999938964844</ele></trkpt><trkpt lat="46.490630090702325" lon="6.7433500601910055"><ele>412.0999755859375</ele></trkpt><trkpt lat="46.49064009124413" lon="6.743410060647875"><ele>412.72998046875</ele></trkpt><trkpt lat="46.49066009139642" lon="6.743500060401857"><ele>413.6999816894531</ele></trkpt><trkpt lat="46.490670091472566" lon="6.743530060630292"><ele>414.1899719238281</ele></trkpt><trkpt lat="46.49068009154871" lon="6.743570060934871"><ele>414.8999938964844</ele></trkpt><trkpt lat="46.490690091624856" lon="6.743620060849935"><ele>415.1999816894531</ele></trkpt><trkpt lat="46.49068009154871" lon="6.743770061060786"><ele>416.0799865722656</ele></trkpt><trkpt lat="46.49068009154871" lon="6.743780061136931"><ele>416.0999755859375</ele></trkpt><trkpt lat="46.49068009201437" lon="6.743860061280429"><ele>417.8899841308594</ele></trkpt><trkpt lat="46.49069009255618" lon="6.743930061347783"><ele>419.3999938964844</ele></trkpt><trkpt lat="46.490680092480034" lon="6.743970061652362"><ele>420.6999816894531</ele></trkpt><trkpt lat="46.49070009263232" lon="6.743990061804652"><ele>421.0999755859375</ele></trkpt><trkpt lat="46.490760093554854" lon="6.744020062033087"><ele>425.29998779296875</ele></trkpt><trkpt lat="46.490760093554854" lon="6.744030062109232"><ele>425.2099914550781</ele></trkpt><trkpt lat="46.490760093554854" lon="6.744030062109232"><ele>425.3399963378906</ele></trkpt><trkpt lat="46.490760093554854" lon="6.744050062261522"><ele>425.5</ele></trkpt><trkpt lat="46.490740093868226" lon="6.7440900625661016"><ele>427.29998779296875</ele></trkpt><trkpt lat="46.49073009379208" lon="6.744120062328875"><ele>427.5999755859375</ele></trkpt><trkpt lat="46.490820094477385" lon="6.744300062768161"><ele>429.91998291015625</ele></trkpt><trkpt lat="46.49085009470582" lon="6.7443700628355145"><ele>430.8999938964844</ele></trkpt><trkpt lat="46.490880094934255" lon="6.744420062750578"><ele>431.1499938964844</ele></trkpt><trkpt lat="46.49094009492546" lon="6.744540063198656"><ele>431.8999938964844</ele></trkpt><trkpt lat="46.49101009499282" lon="6.744680062867701"><ele>432.22998046875</ele></trkpt><trkpt lat="46.49102009506896" lon="6.744690062943846"><ele>432.1999816894531</ele></trkpt><trkpt lat="46.49096009461209" lon="6.744710063096136"><ele>431.0999755859375</ele></trkpt><trkpt lat="46.49096009461209" lon="6.744710063096136"><ele>431.0799865722656</ele></trkpt><trkpt lat="46.49089009454474" lon="6.744780062697828"><ele>429.5999755859375</ele></trkpt><trkpt lat="46.490860094316304" lon="6.744820062536746"><ele>429.0999755859375</ele></trkpt><trkpt lat="46.49083009408787" lon="6.74487006245181"><ele>428.6499938964844</ele></trkpt><trkpt lat="46.490820094011724" lon="6.7448900626040995"><ele>428.5099792480469</ele></trkpt><trkpt lat="46.490820094011724" lon="6.7449000626802444"><ele>428.5</ele></trkpt><trkpt lat="46.49081009393558" lon="6.744960062671453"><ele>428.3499755859375</ele></trkpt><trkpt lat="46.49079009424895" lon="6.7450700625777245"><ele>428.0999755859375</ele></trkpt><trkpt lat="46.490780094172806" lon="6.745140062645078"><ele>428.16998291015625</ele></trkpt><trkpt lat="46.490760094020516" lon="6.745210062712431"><ele>428.1999816894531</ele></trkpt><trkpt lat="46.49074009433389" lon="6.745330062694848"><ele>428.3999938964844</ele></trkpt><trkpt lat="46.49073009425774" lon="6.745430062524974"><ele>428.5999755859375</ele></trkpt><trkpt lat="46.49073009425774" lon="6.745570062659681"><ele>428.67999267578125</ele></trkpt><trkpt lat="46.49073009425774" lon="6.745590062811971"><ele>428.79998779296875</ele></trkpt><trkpt lat="46.49071009410545" lon="6.745700062718242"><ele>428.8499755859375</ele></trkpt><trkpt lat="46.49070009402931" lon="6.745740062557161"><ele>428.75</ele></trkpt><trkpt lat="46.490690094418824" lon="6.745800062548369"><ele>428.5999755859375</ele></trkpt><trkpt lat="46.49066009419039" lon="6.7458600625395775"><ele>428.16998291015625</ele></trkpt><trkpt lat="46.490650094114244" lon="6.745900062378496"><ele>427.8999938964844</ele></trkpt><trkpt lat="46.490570093505085" lon="6.746050062123686"><ele>426.1999816894531</ele></trkpt><trkpt lat="46.49042009329423" lon="6.746280062012374"><ele>424.6999816894531</ele></trkpt><trkpt lat="46.49041009368375" lon="6.746310062240809"><ele>424.8699951171875</ele></trkpt><trkpt lat="46.490360093768686" lon="6.746400061994791"><ele>425.3999938964844</ele></trkpt><trkpt lat="46.490270094014704" lon="6.7465400621294975"><ele>426.79998779296875</ele></trkpt><trkpt lat="46.49016009410843" lon="6.746740062721074"><ele>428.0</ele></trkpt><trkpt lat="46.49016009410843" lon="6.746740062721074"><ele>428.0099792480469</ele></trkpt><trkpt lat="46.490060093812644" lon="6.746910062618554"><ele>427.5</ele></trkpt><trkpt lat="46.48999009374529" lon="6.747040062211454"><ele>426.1999816894531</ele></trkpt><trkpt lat="46.489970093593" lon="6.747100062202662"><ele>425.65997314453125</ele></trkpt><trkpt lat="46.48993009328842" lon="6.747210062108934"><ele>424.5999755859375</ele></trkpt><trkpt lat="46.48987009329721" lon="6.7473400621674955"><ele>424.5</ele></trkpt><trkpt lat="46.48969009378925" lon="6.747820062097162"><ele>426.0</ele></trkpt><trkpt lat="46.489660094026476" lon="6.747910062316805"><ele>426.92999267578125</ele></trkpt><trkpt lat="46.48965009395033" lon="6.747930062469095"><ele>427.1999816894531</ele></trkpt><trkpt lat="46.48958009434864" lon="6.74813006259501"><ele>428.8999938964844</ele></trkpt><trkpt lat="46.489550094585866" lon="6.748190062586218"><ele>429.3999938964844</ele></trkpt><trkpt lat="46.489530094433576" lon="6.748310063034296"><ele>430.1999816894531</ele></trkpt><trkpt lat="46.48949009459466" lon="6.748550062999129"><ele>431.2099914550781</ele></trkpt><trkpt lat="46.489440095145255" lon="6.748940063174814"><ele>434.1999816894531</ele></trkpt><trkpt lat="46.48943009553477" lon="6.749030063394457"><ele>435.0299987792969</ele></trkpt><trkpt lat="46.48941009584814" lon="6.749130063690245"><ele>436.0999755859375</ele></trkpt><trkpt lat="46.48939009569585" lon="6.749260063748807"><ele>436.5</ele></trkpt><trkpt lat="46.489370096009225" lon="6.74933006381616"><ele>436.5999755859375</ele></trkpt><trkpt lat="46.48934009578079" lon="6.749410063493997"><ele>436.6999816894531</ele></trkpt><trkpt lat="46.48930009594187" lon="6.7495300634764135"><ele>436.79998779296875</ele></trkpt><trkpt lat="46.48929009586573" lon="6.749560063704848"><ele>436.8299865722656</ele></trkpt><trkpt lat="46.48927009571344" lon="6.749610063619912"><ele>436.8999938964844</ele></trkpt><trkpt lat="46.48923009587452" lon="6.749700063839555"><ele>437.0</ele></trkpt><trkpt lat="46.489140096120536" lon="6.7498000636696815"><ele>437.0999755859375</ele></trkpt><trkpt lat="46.48910009581596" lon="6.749830063898116"><ele>437.15997314453125</ele></trkpt><trkpt lat="46.48905009590089" lon="6.749870063737035"><ele>437.1999816894531</ele></trkpt><trkpt lat="46.48898009583354" lon="6.749910063575953"><ele>437.3999938964844</ele></trkpt><trkpt lat="46.4889000961557" lon="6.749950063880533"><ele>437.6999816894531</ele></trkpt><trkpt lat="46.48885009624064" lon="6.7499800636433065"><ele>437.9499816894531</ele></trkpt><trkpt lat="46.48877009609714" lon="6.750040064100176"><ele>438.3999938964844</ele></trkpt><trkpt lat="46.48872009618208" lon="6.7500900640152395"><ele>438.6999816894531</ele></trkpt><trkpt lat="46.48871009610593" lon="6.750110064167529"><ele>438.8199768066406</ele></trkpt><trkpt lat="46.48866009619087" lon="6.750170064158738"><ele>439.0999755859375</ele></trkpt><trkpt lat="46.48857009643689" lon="6.750310063827783"><ele>439.30999755859375</ele></trkpt><trkpt lat="46.488520096521825" lon="6.750370063818991"><ele>439.29998779296875</ele></trkpt><trkpt lat="46.4884700961411" lon="6.750460064038634"><ele>439.0</ele></trkpt><trkpt lat="46.48843009630218" lon="6.7505400641821325"><ele>438.79998779296875</ele></trkpt><trkpt lat="46.4883900959976" lon="6.7507100640796125"><ele>438.3399963378906</ele></trkpt><trkpt lat="46.48837009631097" lon="6.750760063994676"><ele>438.1999816894531</ele></trkpt><trkpt lat="46.48836009623483" lon="6.750840063672513"><ele>437.8699951171875</ele></trkpt><trkpt lat="46.48835009615868" lon="6.750910063739866"><ele>437.5999755859375</ele></trkpt><trkpt lat="46.48834009561688" lon="6.751020063646138"><ele>436.79998779296875</ele></trkpt><trkpt lat="46.48833009554073" lon="6.751110063865781"><ele>436.2599792480469</ele></trkpt><trkpt lat="46.48832009546459" lon="6.751140063628554"><ele>436.0</ele></trkpt><trkpt lat="46.48832009546459" lon="6.751150063704699"><ele>435.969970703125</ele></trkpt><trkpt lat="46.488310095854104" lon="6.7512200637720525"><ele>435.79998779296875</ele></trkpt><trkpt lat="46.48830009577796" lon="6.751260063610971"><ele>435.6899719238281</ele></trkpt><trkpt lat="46.48826009547338" lon="6.751370063517243"><ele>435.40997314453125</ele></trkpt><trkpt lat="46.48824009532109" lon="6.751430063508451"><ele>435.29998779296875</ele></trkpt><trkpt lat="46.488210095558316" lon="6.751470063347369"><ele>435.1199951171875</ele></trkpt><trkpt lat="46.48820009548217" lon="6.751500063575804"><ele>435.0299987792969</ele></trkpt><trkpt lat="46.488170095253736" lon="6.751550063490868"><ele>434.8999938964844</ele></trkpt><trkpt lat="46.48812009533867" lon="6.751630063634366"><ele>434.5999755859375</ele></trkpt><trkpt lat="46.488060095347464" lon="6.751700063701719"><ele>435.42999267578125</ele></trkpt><trkpt lat="46.48805009573698" lon="6.751700063701719"><ele>435.5</ele></trkpt><trkpt lat="46.48801009589806" lon="6.751800063531846"><ele>436.5</ele></trkpt><trkpt lat="46.48798009566963" lon="6.751870063599199"><ele>437.0299987792969</ele></trkpt><trkpt lat="46.487960095983" lon="6.751970063894987"><ele>437.5</ele></trkpt><trkpt lat="46.48794009583071" lon="6.7520200638100505"><ele>437.8999938964844</ele></trkpt><trkpt lat="46.48792009614408" lon="6.7521200641058385"><ele>438.2099914550781</ele></trkpt><trkpt lat="46.48792009614408" lon="6.7521200641058385"><ele>438.1999816894531</ele></trkpt><trkpt lat="46.487910096067935" lon="6.752150063868612"><ele>438.1399841308594</ele></trkpt><trkpt lat="46.487780096009374" lon="6.752390063833445"><ele>437.5</ele></trkpt><trkpt lat="46.487720096018165" lon="6.752460063900799"><ele>437.2599792480469</ele></trkpt><trkpt lat="46.48767009563744" lon="6.7525400635786355"><ele>437.0199890136719</ele></trkpt><trkpt lat="46.48763009579852" lon="6.752600063569844"><ele>436.79998779296875</ele></trkpt><trkpt lat="46.487570095807314" lon="6.7527100634761155"><ele>436.489990234375</ele></trkpt><trkpt lat="46.487450095359236" lon="6.752960063517094"><ele>435.6399841308594</ele></trkpt><trkpt lat="46.48739009536803" lon="6.75308006349951"><ele>434.8999938964844</ele></trkpt><trkpt lat="46.48733009537682" lon="6.753200063481927"><ele>433.8999938964844</ele></trkpt><trkpt lat="46.48716009501368" lon="6.753480063285679"><ele>431.72998046875</ele></trkpt><trkpt lat="46.48708009487018" lon="6.753620062954724"><ele>431.8999938964844</ele></trkpt><trkpt lat="46.48702009487897" lon="6.753720063250512"><ele>432.3999938964844</ele></trkpt><trkpt lat="46.486960095353425" lon="6.7538500633090734"><ele>434.0</ele></trkpt><trkpt lat="46.48689009528607" lon="6.754000063519925"><ele>435.0999755859375</ele></trkpt><trkpt lat="46.48685009544715" lon="6.754060063511133"><ele>435.5999755859375</ele></trkpt><trkpt lat="46.48684009537101" lon="6.754080063663423"><ele>435.65997314453125</ele></trkpt><trkpt lat="46.486810095608234" lon="6.754110063426197"><ele>436.0099792480469</ele></trkpt><trkpt lat="46.486750095617026" lon="6.754190063569695"><ele>436.66998291015625</ele></trkpt><trkpt lat="46.48672009585425" lon="6.75422006379813"><ele>437.0</ele></trkpt><trkpt lat="46.48658009618521" lon="6.754380064085126"><ele>438.0</ele></trkpt><trkpt lat="46.48654009588063" lon="6.754410063847899"><ele>437.92999267578125</ele></trkpt><trkpt lat="46.48635009583086" lon="6.7545800637453794"><ele>436.6999816894531</ele></trkpt><trkpt lat="46.48593009542674" lon="6.754970063455403"><ele>434.3999938964844</ele></trkpt><trkpt lat="46.48587009543553" lon="6.755040063522756"><ele>434.29998779296875</ele></trkpt><trkpt lat="46.48583009513095" lon="6.755100063513964"><ele>434.3699951171875</ele></trkpt><trkpt lat="46.48583009513095" lon="6.755120063666254"><ele>434.3999938964844</ele></trkpt><trkpt lat="46.48576009552926" lon="6.755250063724816"><ele>435.0</ele></trkpt><trkpt lat="46.48550009634346" lon="6.755800064187497"><ele>440.0999755859375</ele></trkpt><trkpt lat="46.48548009665683" lon="6.755830064415932"><ele>440.3199768066406</ele></trkpt><trkpt lat="46.48546009650454" lon="6.755880064330995"><ele>440.5999755859375</ele></trkpt><trkpt lat="46.485450096428394" lon="6.755900064483285"><ele>440.7099914550781</ele></trkpt><trkpt lat="46.48544009681791" lon="6.7559200641699135"><ele>440.79998779296875</ele></trkpt><trkpt lat="46.48544009681791" lon="6.7559300642460585"><ele>440.7699890136719</ele></trkpt><trkpt lat="46.485410096589476" lon="6.756020064465702"><ele>440.8999938964844</ele></trkpt><trkpt lat="46.48536009667441" lon="6.7561000641435385"><ele>441.0</ele></trkpt><trkpt lat="46.48525009676814" lon="6.756350064650178"><ele>442.6999816894531</ele></trkpt><trkpt lat="46.48521009692922" lon="6.756420064717531"><ele>443.0</ele></trkpt><trkpt lat="46.48514009686187" lon="6.756510064471513"><ele>443.0</ele></trkpt><trkpt lat="46.485130097251385" lon="6.756520064547658"><ele>443.0</ele></trkpt><trkpt lat="46.48493009712547" lon="6.756750064902008"><ele>443.6999816894531</ele></trkpt><trkpt lat="46.4849000973627" lon="6.756790064740926"><ele>443.6099853515625</ele></trkpt><trkpt lat="46.48487009713426" lon="6.756860064808279"><ele>443.8299865722656</ele></trkpt><trkpt lat="46.48486009705812" lon="6.756880064494908"><ele>443.8999938964844</ele></trkpt><trkpt lat="46.48478009691462" lon="6.757070064544678"><ele>443.5</ele></trkpt><trkpt lat="46.4847400970757" lon="6.757140064612031"><ele>443.42999267578125</ele></trkpt><trkpt lat="46.4847400970757" lon="6.757140064612031"><ele>443.4399719238281</ele></trkpt><trkpt lat="46.484620097093284" lon="6.757300064899027"><ele>443.6999816894531</ele></trkpt><trkpt lat="46.484600096940994" lon="6.757340064737946"><ele>443.719970703125</ele></trkpt><trkpt lat="46.484470097348094" lon="6.757520064711571"><ele>444.0</ele></trkpt><trkpt lat="46.484470097348094" lon="6.757530064787716"><ele>444.0699768066406</ele></trkpt><trkpt lat="46.48423009738326" lon="6.757840064819902"><ele>444.1399841308594</ele></trkpt><trkpt lat="46.48421009723097" lon="6.757870064582676"><ele>444.0999755859375</ele></trkpt><trkpt lat="46.48413009708747" lon="6.757950064726174"><ele>443.5</ele></trkpt><trkpt lat="46.484030096791685" lon="6.758020064327866"><ele>442.28997802734375</ele></trkpt><trkpt lat="46.484010096639395" lon="6.758030064404011"><ele>441.8999938964844</ele></trkpt><trkpt lat="46.48390009673312" lon="6.758110064547509"><ele>441.1899719238281</ele></trkpt><trkpt lat="46.48388009658083" lon="6.7581300642341375"><ele>441.0999755859375</ele></trkpt><trkpt lat="46.48383009666577" lon="6.758190064225346"><ele>441.1999816894531</ele></trkpt><trkpt lat="46.483820096589625" lon="6.758210064377636"><ele>441.2699890136719</ele></trkpt><trkpt lat="46.483780096750706" lon="6.758270064368844"><ele>441.5</ele></trkpt><trkpt lat="46.48377009667456" lon="6.758300064597279"><ele>441.65997314453125</ele></trkpt><trkpt lat="46.48374009691179" lon="6.758340064436197"><ele>441.8999938964844</ele></trkpt><trkpt lat="46.4837200967595" lon="6.758390064351261"><ele>442.239990234375</ele></trkpt><trkpt lat="46.48371009668335" lon="6.7584100645035505"><ele>442.3999938964844</ele></trkpt><trkpt lat="46.48366009676829" lon="6.758510064799339"><ele>442.79998779296875</ele></trkpt><trkpt lat="46.48360009677708" lon="6.7585900644771755"><ele>442.8999938964844</ele></trkpt><trkpt lat="46.48347009718418" lon="6.758730064611882"><ele>443.04998779296875</ele></trkpt><trkpt lat="46.483350097201765" lon="6.7588600646704435"><ele>443.1999816894531</ele></trkpt><trkpt lat="46.482990097254515" lon="6.759270064532757"><ele>443.79998779296875</ele></trkpt><trkpt lat="46.4828700972721" lon="6.759400064591318"><ele>444.0999755859375</ele></trkpt><trkpt lat="46.48267009714618" lon="6.7596600647084415"><ele>444.0999755859375</ele></trkpt><trkpt lat="46.482610097154975" lon="6.75974006485194"><ele>443.8999938964844</ele></trkpt><trkpt lat="46.48257009731606" lon="6.759780064690858"><ele>443.7699890136719</ele></trkpt><trkpt lat="46.48248009709641" lon="6.759880064520985"><ele>443.5</ele></trkpt><trkpt lat="46.48226009681821" lon="6.760130064561963"><ele>443.0999755859375</ele></trkpt><trkpt lat="46.48222009697929" lon="6.760170064866543"><ele>443.05999755859375</ele></trkpt><trkpt lat="46.482200096827" lon="6.760190064553171"><ele>443.0</ele></trkpt><trkpt lat="46.48218009714037" lon="6.760200064629316"><ele>443.0199890136719</ele></trkpt><trkpt lat="46.48214009683579" lon="6.760220064781606"><ele>443.0</ele></trkpt><trkpt lat="46.48212009714916" lon="6.760240064468235"><ele>442.90997314453125</ele></trkpt><trkpt lat="46.482060097157955" lon="6.760290064383298"><ele>442.7599792480469</ele></trkpt><trkpt lat="46.48205009708181" lon="6.760300064459443"><ele>442.6999816894531</ele></trkpt><trkpt lat="46.48201009677723" lon="6.760380064602941"><ele>442.1999816894531</ele></trkpt><trkpt lat="46.48189009632915" lon="6.760540064424276"><ele>440.3399963378906</ele></trkpt><trkpt lat="46.481810096185654" lon="6.760640064254403"><ele>439.6999816894531</ele></trkpt><trkpt lat="46.481750096194446" lon="6.760730064008385"><ele>439.8999938964844</ele></trkpt><trkpt lat="46.48174009658396" lon="6.760750064160675"><ele>439.989990234375</ele></trkpt><trkpt lat="46.48170009627938" lon="6.760810064151883"><ele>440.29998779296875</ele></trkpt><trkpt lat="46.481660096906126" lon="6.760930064599961"><ele>441.3999938964844</ele></trkpt><trkpt lat="46.481640096753836" lon="6.761010064277798"><ele>441.8899841308594</ele></trkpt><trkpt lat="46.48162009706721" lon="6.7610700647346675"><ele>442.29998779296875</ele></trkpt><trkpt lat="46.4814800969325" lon="6.761330064851791"><ele>442.80999755859375</ele></trkpt><trkpt lat="46.481340096797794" lon="6.761600064579397"><ele>441.8199768066406</ele></trkpt><trkpt lat="46.48129009688273" lon="6.761700064409524"><ele>441.29998779296875</ele></trkpt><trkpt lat="46.481220096349716" lon="6.761820064391941"><ele>440.6999816894531</ele></trkpt><trkpt lat="46.48116009635851" lon="6.761890064459294"><ele>440.3799743652344</ele></trkpt><trkpt lat="46.481130096595734" lon="6.761920064222068"><ele>440.1999816894531</ele></trkpt><trkpt lat="46.48106009652838" lon="6.762040064204484"><ele>439.6999816894531</ele></trkpt><trkpt lat="46.48100009607151" lon="6.762170064263046"><ele>439.1299743652344</ele></trkpt><trkpt lat="46.48099009599537" lon="6.762200064025819"><ele>439.0</ele></trkpt><trkpt lat="46.480880096089095" lon="6.762400064151734"><ele>439.3299865722656</ele></trkpt><trkpt lat="46.48082009609789" lon="6.762500063981861"><ele>439.3999938964844</ele></trkpt><trkpt lat="46.48078009625897" lon="6.762610064353794"><ele>439.5099792480469</ele></trkpt><trkpt lat="46.480560096446425" lon="6.763140064198524"><ele>440.0999755859375</ele></trkpt><trkpt lat="46.48053009621799" lon="6.763190064113587"><ele>439.8799743652344</ele></trkpt><trkpt lat="46.480500096455216" lon="6.763270064257085"><ele>439.1999816894531</ele></trkpt><trkpt lat="46.48046009615064" lon="6.763340063858777"><ele>438.5099792480469</ele></trkpt><trkpt lat="46.48036009585485" lon="6.763510063756257"><ele>436.5999755859375</ele></trkpt><trkpt lat="46.480310095474124" lon="6.763560063671321"><ele>435.8699951171875</ele></trkpt><trkpt lat="46.480230095330626" lon="6.7636500634253025"><ele>434.6999816894531</ele></trkpt><trkpt lat="46.48012009495869" lon="6.763790063560009"><ele>433.0999755859375</ele></trkpt><trkpt lat="46.480080095119774" lon="6.763840063475072"><ele>432.5999755859375</ele></trkpt><trkpt lat="46.48007009504363" lon="6.763860063161701"><ele>432.3799743652344</ele></trkpt><trkpt lat="46.48003009473905" lon="6.763930063229054"><ele>431.6999816894531</ele></trkpt><trkpt lat="46.479960094671696" lon="6.764100063126534"><ele>430.5</ele></trkpt><trkpt lat="46.47994009451941" lon="6.764150063041598"><ele>430.3799743652344</ele></trkpt><trkpt lat="46.47991009429097" lon="6.764210063032806"><ele>430.29998779296875</ele></trkpt><trkpt lat="46.47987009445205" lon="6.764280063100159"><ele>430.54998779296875</ele></trkpt><trkpt lat="46.47986009437591" lon="6.764280063100159"><ele>430.5999755859375</ele></trkpt><trkpt lat="46.47976009454578" lon="6.764550063293427"><ele>431.5999755859375</ele></trkpt><trkpt lat="46.47974009485915" lon="6.7646200633607805"><ele>431.8699951171875</ele></trkpt><trkpt lat="46.479660094715655" lon="6.764910063240677"><ele>432.239990234375</ele></trkpt><trkpt lat="46.47965009463951" lon="6.764940063469112"><ele>432.1999816894531</ele></trkpt><trkpt lat="46.47961009480059" lon="6.765160063281655"><ele>431.1999816894531</ele></trkpt><trkpt lat="46.47956009441987" lon="6.76534006325528"><ele>430.8799743652344</ele></trkpt><trkpt lat="46.47955009480938" lon="6.765390063170344"><ele>431.0</ele></trkpt><trkpt lat="46.47953009465709" lon="6.765430063009262"><ele>431.0799865722656</ele></trkpt><trkpt lat="46.479490094818175" lon="6.765550062991679"><ele>431.5</ele></trkpt><trkpt lat="46.479450094513595" lon="6.765650063287467"><ele>431.8299865722656</ele></trkpt><trkpt lat="46.47941009467468" lon="6.765730063430965"><ele>432.0999755859375</ele></trkpt><trkpt lat="46.47940009459853" lon="6.765770063269883"><ele>432.17999267578125</ele></trkpt><trkpt lat="46.4793800949119" lon="6.765830063261092"><ele>432.29998779296875</ele></trkpt><trkpt lat="46.47933009499684" lon="6.765960063319653"><ele>432.4599914550781</ele></trkpt><trkpt lat="46.47931009484455" lon="6.766050063539296"><ele>432.5999755859375</ele></trkpt><trkpt lat="46.47929009469226" lon="6.766090063378215"><ele>432.6099853515625</ele></trkpt><trkpt lat="46.479170095175505" lon="6.766400063410401"><ele>433.0</ele></trkpt><trkpt lat="46.479150095023215" lon="6.766470063477755"><ele>433.04998779296875</ele></trkpt><trkpt lat="46.479130094870925" lon="6.766510063316673"><ele>433.0999755859375</ele></trkpt><trkpt lat="46.47912009479478" lon="6.766530063468963"><ele>433.1399841308594</ele></trkpt><trkpt lat="46.47907009487972" lon="6.766620063222945"><ele>433.1999816894531</ele></trkpt><trkpt lat="46.47905009519309" lon="6.766670063603669"><ele>433.22998046875</ele></trkpt><trkpt lat="46.47902009496465" lon="6.766740063205361"><ele>433.29998779296875</ele></trkpt><trkpt lat="46.47892009513453" lon="6.766950063407421"><ele>433.0</ele></trkpt><trkpt lat="46.47884009499103" lon="6.76716006314382"><ele>432.1999816894531</ele></trkpt><trkpt lat="46.47882009483874" lon="6.767200063448399"><ele>432.0699768066406</ele></trkpt><trkpt lat="46.478770094458014" lon="6.7673400631174445"><ele>431.5999755859375</ele></trkpt><trkpt lat="46.47859009495005" lon="6.767890063580126"><ele>433.8699951171875</ele></trkpt><trkpt lat="46.47857009526342" lon="6.767960063647479"><ele>434.1999816894531</ele></trkpt><trkpt lat="46.47854009550065" lon="6.768100063782185"><ele>435.1999816894531</ele></trkpt><trkpt lat="46.47850009566173" lon="6.76826006360352"><ele>436.0999755859375</ele></trkpt><trkpt lat="46.478450095746666" lon="6.76853006426245"><ele>438.0</ele></trkpt><trkpt lat="46.47828009724617" lon="6.769310064613819"><ele>443.3199768066406</ele></trkpt><trkpt lat="46.47826009709388" lon="6.769430065061897"><ele>443.8999938964844</ele></trkpt><trkpt lat="46.47824009740725" lon="6.76950006512925"><ele>444.29998779296875</ele></trkpt><trkpt lat="46.47818009741604" lon="6.7696400647982955"><ele>445.05999755859375</ele></trkpt><trkpt lat="46.478120097424835" lon="6.769800065085292"><ele>445.8799743652344</ele></trkpt><trkpt lat="46.47808009758592" lon="6.769890065304935"><ele>446.29998779296875</ele></trkpt><trkpt lat="46.47805009782314" lon="6.769940065219998"><ele>446.6999816894531</ele></trkpt><trkpt lat="46.478040097747" lon="6.769980065058917"><ele>446.8599853515625</ele></trkpt><trkpt lat="46.47802009759471" lon="6.7700200653634965"><ele>447.0999755859375</ele></trkpt><trkpt lat="46.478010097984225" lon="6.770060065202415"><ele>447.239990234375</ele></trkpt><trkpt lat="46.478010097984225" lon="6.770100065506995"><ele>447.5</ele></trkpt><trkpt lat="46.47800009790808" lon="6.770170065574348"><ele>447.739990234375</ele></trkpt><trkpt lat="46.47798009775579" lon="6.770240065641701"><ele>448.05999755859375</ele></trkpt><trkpt lat="46.477970098145306" lon="6.770310065243393"><ele>448.3999938964844</ele></trkpt><trkpt lat="46.477950097993016" lon="6.770390065386891"><ele>448.55999755859375</ele></trkpt><trkpt lat="46.47793009830639" lon="6.770440065301955"><ele>448.6999816894531</ele></trkpt><trkpt lat="46.47789009800181" lon="6.770520065445453"><ele>448.8999938964844</ele></trkpt><trkpt lat="46.477860098239034" lon="6.770610065665096"><ele>449.0999755859375</ele></trkpt><trkpt lat="46.47781009832397" lon="6.770790065638721"><ele>449.3999938964844</ele></trkpt><trkpt lat="46.477780098095536" lon="6.770900065544993"><ele>449.5999755859375</ele></trkpt><trkpt lat="46.477710098493844" lon="6.7711000656709075"><ele>449.6399841308594</ele></trkpt><trkpt lat="46.47768009826541" lon="6.771170065738261"><ele>449.29998779296875</ele></trkpt><trkpt lat="46.47764009796083" lon="6.7712700655683875"><ele>448.79998779296875</ele></trkpt><trkpt lat="46.477590098045766" lon="6.771340065635741"><ele>448.29998779296875</ele></trkpt><trkpt lat="46.47753009805456" lon="6.771420065313578"><ele>447.90997314453125</ele></trkpt><trkpt lat="46.47748009767383" lon="6.771480065304786"><ele>447.5999755859375</ele></trkpt><trkpt lat="46.477400097996" lon="6.771580065600574"><ele>447.5999755859375</ele></trkpt><trkpt lat="46.47739009791985" lon="6.771630065515637"><ele>447.5999755859375</ele></trkpt><trkpt lat="46.47736009815708" lon="6.771720065269619"><ele>448.0</ele></trkpt><trkpt lat="46.477250098250806" lon="6.772220065817237"><ele>450.0999755859375</ele></trkpt><trkpt lat="46.47717009857297" lon="6.77250006608665"><ele>452.25</ele></trkpt><trkpt lat="46.477140098810196" lon="6.772590066306293"><ele>453.05999755859375</ele></trkpt><trkpt lat="46.47713009919971" lon="6.772640066221356"><ele>453.5</ele></trkpt><trkpt lat="46.477070099674165" lon="6.772950066719204"><ele>456.3999938964844</ele></trkpt><trkpt lat="46.47703009983525" lon="6.773130066692829"><ele>457.8199768066406</ele></trkpt><trkpt lat="46.47703009983525" lon="6.773150066845119"><ele>458.0</ele></trkpt><trkpt lat="46.47700010007247" lon="6.773230066988617"><ele>458.5999755859375</ele></trkpt><trkpt lat="46.476960100233555" lon="6.773310067132115"><ele>459.22998046875</ele></trkpt><trkpt lat="46.476920100394636" lon="6.773410066962242"><ele>459.80999755859375</ele></trkpt><trkpt lat="46.47688010055572" lon="6.773500067181885"><ele>460.29998779296875</ele></trkpt><trkpt lat="46.47685010032728" lon="6.773560067173094"><ele>460.4599914550781</ele></trkpt><trkpt lat="46.476750100497156" lon="6.773750067222863"><ele>461.0999755859375</ele></trkpt><trkpt lat="46.47670010058209" lon="6.77389006735757"><ele>461.5999755859375</ele></trkpt><trkpt lat="46.47665010066703" lon="6.774090067483485"><ele>462.0999755859375</ele></trkpt><trkpt lat="46.476580100599676" lon="6.774290067143738"><ele>462.5</ele></trkpt><trkpt lat="46.476490100845695" lon="6.774620067328215"><ele>463.16998291015625</ele></trkpt><trkpt lat="46.476470101159066" lon="6.774690067395568"><ele>463.1999816894531</ele></trkpt><trkpt lat="46.476470101159066" lon="6.774690067395568"><ele>463.239990234375</ele></trkpt><trkpt lat="46.476450101006776" lon="6.774720067624003"><ele>463.0899963378906</ele></trkpt><trkpt lat="46.476410100702196" lon="6.774760067462921"><ele>462.79998779296875</ele></trkpt><trkpt lat="46.47635010071099" lon="6.774840067140758"><ele>462.15997314453125</ele></trkpt><trkpt lat="46.47629010071978" lon="6.774940067436546"><ele>461.5</ele></trkpt><trkpt lat="46.476240100339055" lon="6.775100067257881"><ele>460.0</ele></trkpt><trkpt lat="46.476200100034475" lon="6.775280066765845"><ele>458.3999938964844</ele></trkpt><trkpt lat="46.47611009888351" lon="6.77576006622985"><ele>453.5</ele></trkpt><trkpt lat="46.47609009873122" lon="6.775880066212267"><ele>452.0</ele></trkpt><trkpt lat="46.47608009818941" lon="6.776000065729022"><ele>450.3999938964844</ele></trkpt><trkpt lat="46.476060098037124" lon="6.776180065236986"><ele>447.79998779296875</ele></trkpt><trkpt lat="46.47604009741917" lon="6.7762800650671124"><ele>446.5</ele></trkpt><trkpt lat="46.47604009741917" lon="6.776320065371692"><ele>445.8999938964844</ele></trkpt><trkpt lat="46.47597009688616" lon="6.776590064633638"><ele>442.29998779296875</ele></trkpt><trkpt lat="46.47594009665772" lon="6.776720064692199"><ele>440.5999755859375</ele></trkpt><trkpt lat="46.47594009619206" lon="6.776770064607263"><ele>439.79998779296875</ele></trkpt><trkpt lat="46.47596009587869" lon="6.776900064200163"><ele>438.0</ele></trkpt><trkpt lat="46.475990095641464" lon="6.776990063954145"><ele>436.9499816894531</ele></trkpt><trkpt lat="46.475990095641464" lon="6.776990063954145"><ele>436.8999938964844</ele></trkpt><trkpt lat="46.47602009540424" lon="6.777010064106435"><ele>436.3999938964844</ele></trkpt><trkpt lat="46.476060095243156" lon="6.777040063869208"><ele>435.6199951171875</ele></trkpt><trkpt lat="46.47613009531051" lon="6.777070063631982"><ele>434.6999816894531</ele></trkpt><trkpt lat="46.47622009506449" lon="6.7771100634709"><ele>433.8399963378906</ele></trkpt><trkpt lat="46.476270094979554" lon="6.77713006362319"><ele>433.5999755859375</ele></trkpt><trkpt lat="46.47630009520799" lon="6.77715006377548"><ele>433.5</ele></trkpt><trkpt lat="46.47630009520799" lon="6.777210063766688"><ele>433.30999755859375</ele></trkpt><trkpt lat="46.47630009520799" lon="6.777220063377172"><ele>433.29998779296875</ele></trkpt><trkpt lat="46.476290095131844" lon="6.777310063596815"><ele>433.1099853515625</ele></trkpt><trkpt lat="46.4762800950557" lon="6.777350063435733"><ele>433.0</ele></trkpt><trkpt lat="46.47626009490341" lon="6.777400063350797"><ele>432.91998291015625</ele></trkpt><trkpt lat="46.47626009490341" lon="6.777400063350797"><ele>432.8999938964844</ele></trkpt><trkpt lat="46.476210094988346" lon="6.777420063503087"><ele>432.8999938964844</ele></trkpt><trkpt lat="46.476190094836056" lon="6.7774300635792315"><ele>432.91998291015625</ele></trkpt><trkpt lat="46.476190094836056" lon="6.7774300635792315"><ele>432.91998291015625</ele></trkpt><trkpt lat="46.476190094836056" lon="6.7774300635792315"><ele>432.91998291015625</ele></trkpt><trkpt lat="46.4761200947687" lon="6.777520063333213"><ele>433.1999816894531</ele></trkpt><trkpt lat="46.47605009516701" lon="6.777630063705146"><ele>433.6999816894531</ele></trkpt><trkpt lat="46.47601009532809" lon="6.777690063696355"><ele>434.1999816894531</ele></trkpt><trkpt lat="46.47598009509966" lon="6.777780063915998"><ele>434.91998291015625</ele></trkpt><trkpt lat="46.47598009509966" lon="6.777780063915998"><ele>434.8999938964844</ele></trkpt><trkpt lat="46.47606009570882" lon="6.77787006366998"><ele>435.79998779296875</ele></trkpt><trkpt lat="46.47617009561509" lon="6.778030063956976"><ele>437.17999267578125</ele></trkpt><trkpt lat="46.47617009561509" lon="6.778030063956976"><ele>437.1999816894531</ele></trkpt><trkpt lat="46.47619009576738" lon="6.778060064185411"><ele>437.55999755859375</ele></trkpt><trkpt lat="46.47627009591088" lon="6.778180064167827"><ele>439.0</ele></trkpt><trkpt lat="46.47628009645268" lon="6.778240064624697"><ele>439.6499938964844</ele></trkpt><trkpt lat="46.47631009668112" lon="6.77831006469205"><ele>440.6999816894531</ele></trkpt><trkpt lat="46.47637009713799" lon="6.778490064665675"><ele>442.91998291015625</ele></trkpt><trkpt lat="46.47641009744257" lon="6.778630065266043"><ele>444.6499938964844</ele></trkpt><trkpt lat="46.47641009744257" lon="6.778640064876527"><ele>444.5999755859375</ele></trkpt><trkpt lat="46.476490097586066" lon="6.778620065189898"><ele>445.3599853515625</ele></trkpt><trkpt lat="46.47654009750113" lon="6.778610065113753"><ele>445.79998779296875</ele></trkpt><trkpt lat="46.47662009764463" lon="6.778610065113753"><ele>446.79998779296875</ele></trkpt><trkpt lat="46.47666009794921" lon="6.778620065189898"><ele>447.30999755859375</ele></trkpt><trkpt lat="46.47671009786427" lon="6.778630065266043"><ele>447.79998779296875</ele></trkpt><trkpt lat="46.47683009831235" lon="6.778670065570623"><ele>449.1999816894531</ele></trkpt><trkpt lat="46.47686009807512" lon="6.778670065570623"><ele>449.5299987792969</ele></trkpt><trkpt lat="46.476890098303556" lon="6.778670065570623"><ele>449.79998779296875</ele></trkpt><trkpt lat="46.476890098303556" lon="6.778670065570623"><ele>449.8399963378906</ele></trkpt><trkpt lat="46.476890098303556" lon="6.778720065951347"><ele>449.6499938964844</ele></trkpt><trkpt lat="46.47688009822741" lon="6.778850065544248"><ele>449.0</ele></trkpt><trkpt lat="46.476890097837895" lon="6.778930065687746"><ele>448.6099853515625</ele></trkpt><trkpt lat="46.476890097837895" lon="6.778940065763891"><ele>448.5</ele></trkpt><trkpt lat="46.476910097990185" lon="6.779020065441728"><ele>448.0999755859375</ele></trkpt><trkpt lat="46.4769500978291" lon="6.779150065500289"><ele>447.5</ele></trkpt><trkpt lat="46.47698009759188" lon="6.779200065415353"><ele>447.3799743652344</ele></trkpt><trkpt lat="46.47702009789646" lon="6.779270065482706"><ele>447.1999816894531</ele></trkpt><trkpt lat="46.47705009765923" lon="6.779330065473914"><ele>446.8999938964844</ele></trkpt><trkpt lat="46.47705009765923" lon="6.7793900654651225"><ele>446.80999755859375</ele></trkpt><trkpt lat="46.477080097422004" lon="6.779590065125376"><ele>446.3799743652344</ele></trkpt><trkpt lat="46.47711009765044" lon="6.779770065099001"><ele>446.0</ele></trkpt><trkpt lat="46.47714009741321" lon="6.780030065216124"><ele>445.3999938964844</ele></trkpt><trkpt lat="46.4771600975655" lon="6.780240065418184"><ele>445.9599914550781</ele></trkpt><trkpt lat="46.4771600975655" lon="6.780290065333247"><ele>445.989990234375</ele></trkpt><trkpt lat="46.47717009764165" lon="6.780330065172166"><ele>446.1999816894531</ele></trkpt><trkpt lat="46.4771600975655" lon="6.780500065535307"><ele>446.5999755859375</ele></trkpt><trkpt lat="46.47715009795502" lon="6.780560065526515"><ele>447.0</ele></trkpt><trkpt lat="46.47714009787887" lon="6.780730065423995"><ele>448.0999755859375</ele></trkpt><trkpt lat="46.47713009826839" lon="6.780820065643638"><ele>448.6999816894531</ele></trkpt><trkpt lat="46.47713009826839" lon="6.780880065634847"><ele>449.0999755859375</ele></trkpt><trkpt lat="46.4771100981161" lon="6.780960065778345"><ele>449.29998779296875</ele></trkpt><trkpt lat="46.477100098039955" lon="6.781000065617263"><ele>449.25</ele></trkpt><trkpt lat="46.47694009821862" lon="6.781450065784156"><ele>448.6899719238281</ele></trkpt><trkpt lat="46.476910097990185" lon="6.781540065538138"><ele>448.5999755859375</ele></trkpt><trkpt lat="46.47686009807512" lon="6.781640065368265"><ele>448.0</ele></trkpt><trkpt lat="46.476760097779334" lon="6.7818000651896"><ele>447.0</ele></trkpt><trkpt lat="46.4767300975509" lon="6.781830065418035"><ele>446.72998046875</ele></trkpt><trkpt lat="46.47671009786427" lon="6.781860065180808"><ele>446.5</ele></trkpt><trkpt lat="46.47669009771198" lon="6.781900065485388"><ele>446.28997802734375</ele></trkpt><trkpt lat="46.476660097483546" lon="6.7819400653243065"><ele>446.0</ele></trkpt><trkpt lat="46.47659009741619" lon="6.78201006539166"><ele>445.5999755859375</ele></trkpt><trkpt lat="46.47648009750992" lon="6.78216006513685"><ele>444.8499755859375</ele></trkpt><trkpt lat="46.476410096976906" lon="6.782260064966977"><ele>444.29998779296875</ele></trkpt><trkpt lat="46.47633009683341" lon="6.782410065177828"><ele>443.65997314453125</ele></trkpt><trkpt lat="46.47629009699449" lon="6.782490064855665"><ele>443.1999816894531</ele></trkpt><trkpt lat="46.47623009653762" lon="6.782640064600855"><ele>442.0999755859375</ele></trkpt><trkpt lat="46.476200096774846" lon="6.7826900645159185"><ele>441.66998291015625</ele></trkpt><trkpt lat="46.47617009654641" lon="6.782730064820498"><ele>441.1999816894531</ele></trkpt><trkpt lat="46.47610009647906" lon="6.782840064261109"><ele>439.75</ele></trkpt><trkpt lat="46.47608009632677" lon="6.782870064489543"><ele>439.1999816894531</ele></trkpt><trkpt lat="46.47606009617448" lon="6.782890064176172"><ele>438.80999755859375</ele></trkpt><trkpt lat="46.476030095946044" lon="6.782930064480752"><ele>438.1999816894531</ele></trkpt><trkpt lat="46.475930095650256" lon="6.78312006406486"><ele>435.6999816894531</ele></trkpt><trkpt lat="46.47579009504989" lon="6.783360063564032"><ele>433.8999938964844</ele></trkpt><trkpt lat="46.475760095287114" lon="6.783450063783675"><ele>433.8999938964844</ele></trkpt><trkpt lat="46.47573009505868" lon="6.783540063537657"><ele>433.6899719238281</ele></trkpt><trkpt lat="46.475720094982535" lon="6.7836100636050105"><ele>433.3999938964844</ele></trkpt><trkpt lat="46.475720094982535" lon="6.783670063596219"><ele>433.2099914550781</ele></trkpt><trkpt lat="46.475720094982535" lon="6.783690063748509"><ele>433.1299743652344</ele></trkpt><trkpt lat="46.47573009505868" lon="6.783740063663572"><ele>433.0</ele></trkpt><trkpt lat="46.47573009459302" lon="6.783820063341409"><ele>432.1899719238281</ele></trkpt><trkpt lat="46.47573009459302" lon="6.783840063493699"><ele>432.0</ele></trkpt><trkpt lat="46.47572009451687" lon="6.783870063256472"><ele>431.75</ele></trkpt><trkpt lat="46.47571009444073" lon="6.783910063561052"><ele>431.29998779296875</ele></trkpt><trkpt lat="46.47563009383157" lon="6.784120062831789"><ele>428.3999938964844</ele></trkpt><trkpt lat="46.475560093298554" lon="6.784430062863976"><ele>425.6999816894531</ele></trkpt><trkpt lat="46.47555009322241" lon="6.784450062550604"><ele>425.53997802734375</ele></trkpt><trkpt lat="46.47553009353578" lon="6.784520062617958"><ele>425.1999816894531</ele></trkpt><trkpt lat="46.47543009323999" lon="6.784730062354356"><ele>424.3999938964844</ele></trkpt><trkpt lat="46.47542009316385" lon="6.784760062582791"><ele>424.2699890136719</ele></trkpt><trkpt lat="46.47540009301156" lon="6.784810062497854"><ele>424.0999755859375</ele></trkpt><trkpt lat="46.47540009301156" lon="6.784810062497854"><ele>424.16998291015625</ele></trkpt><trkpt lat="46.475350093096495" lon="6.784910062327981"><ele>423.0999755859375</ele></trkpt><trkpt lat="46.47532009286806" lon="6.784990062005818"><ele>422.1999816894531</ele></trkpt><trkpt lat="46.47530009271577" lon="6.785020062234253"><ele>421.7799987792969</ele></trkpt><trkpt lat="46.475290092639625" lon="6.785030062310398"><ele>421.5</ele></trkpt><trkpt lat="46.475270092487335" lon="6.78510006191209"><ele>420.5799865722656</ele></trkpt><trkpt lat="46.475270092487335" lon="6.7851100619882345"><ele>420.5699768066406</ele></trkpt><trkpt lat="46.475270092487335" lon="6.7851100619882345"><ele>420.5999755859375</ele></trkpt><trkpt lat="46.475270092487335" lon="6.785160061903298"><ele>419.8999938964844</ele></trkpt><trkpt lat="46.475290092173964" lon="6.785210061818361"><ele>419.3999938964844</ele></trkpt><trkpt lat="46.475310092326254" lon="6.78525006165728"><ele>418.8999938964844</ele></trkpt><trkpt lat="46.47533009201288" lon="6.785290061496198"><ele>418.3999938964844</ele></trkpt><trkpt lat="46.47547009168193" lon="6.78540006140247"><ele>416.3999938964844</ele></trkpt><trkpt lat="46.47552009159699" lon="6.785450061317533"><ele>415.5999755859375</ele></trkpt><trkpt lat="46.475570091512054" lon="6.785500061232597"><ele>414.8299865722656</ele></trkpt><trkpt lat="46.475700091104954" lon="6.785620061215013"><ele>414.40997314453125</ele></trkpt><trkpt lat="46.47573009133339" lon="6.785650061443448"><ele>414.8999938964844</ele></trkpt><trkpt lat="46.47575009148568" lon="6.785680061206222"><ele>415.28997802734375</ele></trkpt><trkpt lat="46.475780091714114" lon="6.785750061273575"><ele>416.1899719238281</ele></trkpt><trkpt lat="46.47579009179026" lon="6.785750061273575"><ele>416.29998779296875</ele></trkpt><trkpt lat="46.47581009194255" lon="6.785820061340928"><ele>417.1999816894531</ele></trkpt><trkpt lat="46.475820092018694" lon="6.785900061484426"><ele>417.8999938964844</ele></trkpt><trkpt lat="46.47581009194255" lon="6.785950061865151"><ele>418.0799865722656</ele></trkpt><trkpt lat="46.47581009194255" lon="6.786030061542988"><ele>418.3999938964844</ele></trkpt><trkpt lat="46.475780091714114" lon="6.786300061736256"><ele>418.0</ele></trkpt><trkpt lat="46.475780091714114" lon="6.7864200617186725"><ele>417.5899963378906</ele></trkpt><trkpt lat="46.47577009163797" lon="6.786580061540008"><ele>417.0</ele></trkpt><trkpt lat="46.47577009163797" lon="6.786700061522424"><ele>416.5299987792969</ele></trkpt><trkpt lat="46.475760091561824" lon="6.786820061504841"><ele>416.0999755859375</ele></trkpt><trkpt lat="46.475760091561824" lon="6.786910061258823"><ele>415.8999938964844</ele></trkpt><trkpt lat="46.47577009163797" lon="6.787030061241239"><ele>416.29998779296875</ele></trkpt><trkpt lat="46.47577009163797" lon="6.787100061308593"><ele>416.6499938964844</ele></trkpt><trkpt lat="46.47577009163797" lon="6.787130061537027"><ele>417.0099792480469</ele></trkpt><trkpt lat="46.475760092027485" lon="6.7872100616805255"><ele>417.6299743652344</ele></trkpt><trkpt lat="46.47575009195134" lon="6.787270061671734"><ele>417.92999267578125</ele></trkpt><trkpt lat="46.475740091875196" lon="6.787320061586797"><ele>418.0999755859375</ele></trkpt><trkpt lat="46.47570009203628" lon="6.787470061797649"><ele>417.79998779296875</ele></trkpt><trkpt lat="46.47568009188399" lon="6.787550061475486"><ele>417.3799743652344</ele></trkpt><trkpt lat="46.47560009127483" lon="6.787880061194301"><ele>415.5999755859375</ele></trkpt><trkpt lat="46.47560009127483" lon="6.787890061270446"><ele>415.5099792480469</ele></trkpt><trkpt lat="46.47559009119868" lon="6.787980061490089"><ele>415.0</ele></trkpt><trkpt lat="46.47558009112254" lon="6.788140061311424"><ele>414.1999816894531</ele></trkpt><trkpt lat="46.47556009097025" lon="6.788400060962886"><ele>413.1999816894531</ele></trkpt><trkpt lat="46.4755500908941" lon="6.788560060784221"><ele>412.5</ele></trkpt><trkpt lat="46.4755500908941" lon="6.788610060699284"><ele>412.1199951171875</ele></trkpt><trkpt lat="46.47555009042844" lon="6.788800060749054"><ele>410.8999938964844</ele></trkpt><trkpt lat="46.4755400903523" lon="6.788860060740262"><ele>410.5</ele></trkpt><trkpt lat="46.4755400903523" lon="6.788870060816407"><ele>410.3899841308594</ele></trkpt><trkpt lat="46.47553009027615" lon="6.788900060579181"><ele>410.1999816894531</ele></trkpt><trkpt lat="46.47551009012386" lon="6.788910060655326"><ele>410.0699768066406</ele></trkpt><trkpt lat="46.475470090284944" lon="6.788970060646534"><ele>409.6999816894531</ele></trkpt><trkpt lat="46.4754600902088" lon="6.789020060561597"><ele>409.42999267578125</ele></trkpt><trkpt lat="46.4754600902088" lon="6.789040060713887"><ele>409.3999938964844</ele></trkpt><trkpt lat="46.475450090132654" lon="6.789110060315579"><ele>409.0</ele></trkpt><trkpt lat="46.47544009005651" lon="6.789200060535222"><ele>408.6999816894531</ele></trkpt><trkpt lat="46.47542008990422" lon="6.789260060526431"><ele>408.5199890136719</ele></trkpt><trkpt lat="46.47542008990422" lon="6.789290060289204"><ele>408.55999755859375</ele></trkpt><trkpt lat="46.47540009021759" lon="6.789350060280412"><ele>408.79998779296875</ele></trkpt><trkpt lat="46.47536009037867" lon="6.789510060567409"><ele>409.29998779296875</ele></trkpt><trkpt lat="46.47531009046361" lon="6.789670060388744"><ele>409.5</ele></trkpt><trkpt lat="46.47516009025276" lon="6.789960060734302"><ele>409.3999938964844</ele></trkpt><trkpt lat="46.47506008995697" lon="6.79015006031841"><ele>409.0899963378906</ele></trkpt><trkpt lat="46.47502009011805" lon="6.790220060385764"><ele>408.5</ele></trkpt><trkpt lat="46.474990089889616" lon="6.790270060300827"><ele>408.0</ele></trkpt><trkpt lat="46.47496008966118" lon="6.79032006021589"><ele>407.5999755859375</ele></trkpt><trkpt lat="46.47492008982226" lon="6.790540060028434"><ele>407.0999755859375</ele></trkpt><trkpt lat="46.47491008974612" lon="6.790560060180724"><ele>407.0699768066406</ele></trkpt><trkpt lat="46.47490008966997" lon="6.790610060095787"><ele>407.0999755859375</ele></trkpt><trkpt lat="46.4748700899072" lon="6.79068006016314"><ele>407.219970703125</ele></trkpt><trkpt lat="46.47483009006828" lon="6.790780060458928"><ele>407.5999755859375</ele></trkpt><trkpt lat="46.47481008991599" lon="6.790880060289055"><ele>407.78997802734375</ele></trkpt><trkpt lat="46.47477009007707" lon="6.7910300604999065"><ele>408.0299987792969</ele></trkpt><trkpt lat="46.47477009007707" lon="6.7910400605760515"><ele>408.05999755859375</ele></trkpt><trkpt lat="46.47475008992478" lon="6.791120060253888"><ele>408.1999816894531</ele></trkpt><trkpt lat="46.47473008977249" lon="6.791160060558468"><ele>408.3199768066406</ele></trkpt><trkpt lat="46.474690089933574" lon="6.79125006031245"><ele>408.5999755859375</ele></trkpt><trkpt lat="46.47468009032309" lon="6.791330060455948"><ele>409.0</ele></trkpt><trkpt lat="46.4746600901708" lon="6.791430060751736"><ele>409.6199951171875</ele></trkpt><trkpt lat="46.4746600901708" lon="6.791450060438365"><ele>409.75</ele></trkpt><trkpt lat="46.4746600901708" lon="6.791470060590655"><ele>409.8999938964844</ele></trkpt><trkpt lat="46.47465009056032" lon="6.791500060819089"><ele>410.15997314453125</ele></trkpt><trkpt lat="46.47462009079754" lon="6.791640060953796"><ele>411.5</ele></trkpt><trkpt lat="46.47462009079754" lon="6.791730061173439"><ele>412.5</ele></trkpt><trkpt lat="46.47462009079754" lon="6.791840061079711"><ele>413.5</ele></trkpt><trkpt lat="46.47461009118706" lon="6.791970061138272"><ele>414.6899719238281</ele></trkpt><trkpt lat="46.47459009150043" lon="6.79207006143406"><ele>415.79998779296875</ele></trkpt><trkpt lat="46.4744400922209" lon="6.792700061574578"><ele>418.47998046875</ele></trkpt><trkpt lat="46.474400092381984" lon="6.7928800620138645"><ele>419.79998779296875</ele></trkpt><trkpt lat="46.474360092543066" lon="6.793040062300861"><ele>420.8999938964844</ele></trkpt><trkpt lat="46.47435009246692" lon="6.793120061978698"><ele>421.3999938964844</ele></trkpt><trkpt lat="46.47435009293258" lon="6.793220062274486"><ele>422.1999816894531</ele></trkpt><trkpt lat="46.47435009293258" lon="6.793300062417984"><ele>422.92999267578125</ele></trkpt><trkpt lat="46.47435009293258" lon="6.7933400622569025"><ele>423.29998779296875</ele></trkpt><trkpt lat="46.4743400933221" lon="6.793430062476546"><ele>424.0</ele></trkpt><trkpt lat="46.4743400933221" lon="6.79346006270498"><ele>424.17999267578125</ele></trkpt><trkpt lat="46.4743400933221" lon="6.793490062467754"><ele>424.3999938964844</ele></trkpt><trkpt lat="46.47432009316981" lon="6.793540062382817"><ele>424.5799865722656</ele></trkpt><trkpt lat="46.47431009309366" lon="6.793590062763542"><ele>424.79998779296875</ele></trkpt><trkpt lat="46.474270093720406" lon="6.793750062584877"><ele>426.29998779296875</ele></trkpt><trkpt lat="46.474270093720406" lon="6.793780062813312"><ele>426.5799865722656</ele></trkpt><trkpt lat="46.47424009395763" lon="6.793890063185245"><ele>427.5</ele></trkpt><trkpt lat="46.47424009395763" lon="6.793930063024163"><ele>427.8799743652344</ele></trkpt><trkpt lat="46.47425009403378" lon="6.793990063015372"><ele>428.0999755859375</ele></trkpt><trkpt lat="46.474290093872696" lon="6.79405006300658"><ele>428.3699951171875</ele></trkpt><trkpt lat="46.47430009394884" lon="6.79407006315887"><ele>428.3499755859375</ele></trkpt><trkpt lat="46.474310094024986" lon="6.79407006315887"><ele>428.3999938964844</ele></trkpt><trkpt lat="46.47428009379655" lon="6.794120063073933"><ele>427.8299865722656</ele></trkpt><trkpt lat="46.474250093568116" lon="6.794180063065141"><ele>427.0999755859375</ele></trkpt><trkpt lat="46.474100092891604" lon="6.794630062300712"><ele>423.0999755859375</ele></trkpt><trkpt lat="46.474060092587024" lon="6.794730062130839"><ele>421.9499816894531</ele></trkpt><trkpt lat="46.474020092748106" lon="6.794810062274337"><ele>421.0</ele></trkpt><trkpt lat="46.474000092130154" lon="6.794880061876029"><ele>420.1999816894531</ele></trkpt><trkpt lat="46.473940092138946" lon="6.795040061697364"><ele>418.22998046875</ele></trkpt><trkpt lat="46.473900091368705" lon="6.795190061442554"><ele>416.28997802734375</ele></trkpt><trkpt lat="46.47388009168208" lon="6.7952300612814724"><ele>415.6999816894531</ele></trkpt><trkpt lat="46.47380009107292" lon="6.795340061187744"><ele>413.5099792480469</ele></trkpt><trkpt lat="46.47368009015918" lon="6.795510060619563"><ele>410.0999755859375</ele></trkpt><trkpt lat="46.47363008977845" lon="6.795660060364753"><ele>407.29998779296875</ele></trkpt><trkpt lat="46.47363008977845" lon="6.795670060440898"><ele>407.29998779296875</ele></trkpt><trkpt lat="46.47363008977845" lon="6.795680060517043"><ele>407.03997802734375</ele></trkpt><trkpt lat="46.47360008955002" lon="6.795770060271025"><ele>405.5999755859375</ele></trkpt><trkpt lat="46.47359008947387" lon="6.795800060033798"><ele>404.78997802734375</ele></trkpt><trkpt lat="46.47357008932158" lon="6.795830059796572"><ele>404.0999755859375</ele></trkpt><trkpt lat="46.47357008932158" lon="6.795840059872717"><ele>404.1399841308594</ele></trkpt><trkpt lat="46.47359008947387" lon="6.795850059948862"><ele>404.5999755859375</ele></trkpt><trkpt lat="46.47359008947387" lon="6.7958700601011515"><ele>404.5999755859375</ele></trkpt><trkpt lat="46.47357008932158" lon="6.796020060312003"><ele>405.5999755859375</ele></trkpt><trkpt lat="46.4735600897111" lon="6.796090060379356"><ele>406.0</ele></trkpt><trkpt lat="46.473550089634955" lon="6.79612006014213"><ele>406.1999816894531</ele></trkpt><trkpt lat="46.473570089787245" lon="6.796130060218275"><ele>406.3999938964844</ele></trkpt><trkpt lat="46.473570089787245" lon="6.796170060057193"><ele>406.8399963378906</ele></trkpt><trkpt lat="46.4735600897111" lon="6.796210060361773"><ele>407.3999938964844</ele></trkpt><trkpt lat="46.473610090091825" lon="6.796240060590208"><ele>408.55999755859375</ele></trkpt><trkpt lat="46.473610090091825" lon="6.796240060590208"><ele>408.5999755859375</ele></trkpt><trkpt lat="46.473610090091825" lon="6.796240060590208"><ele>408.6099853515625</ele></trkpt><trkpt lat="46.47360009048134" lon="6.796300060581416"><ele>410.0</ele></trkpt><trkpt lat="46.47360009048134" lon="6.796340060885996"><ele>410.8199768066406</ele></trkpt><trkpt lat="46.473610090557486" lon="6.79637006111443"><ele>411.5</ele></trkpt><trkpt lat="46.473600090947" lon="6.796400060877204"><ele>412.0999755859375</ele></trkpt><trkpt lat="46.473600090947" lon="6.796420061029494"><ele>412.6999816894531</ele></trkpt><trkpt lat="46.473600090947" lon="6.796470060944557"><ele>413.5</ele></trkpt><trkpt lat="46.473600090947" lon="6.796490061096847"><ele>414.1499938964844</ele></trkpt><trkpt lat="46.47361009148881" lon="6.796560061629862"><ele>415.6999816894531</ele></trkpt><trkpt lat="46.47359009180218" lon="6.79664006177336"><ele>417.3899841308594</ele></trkpt><trkpt lat="46.47359009180218" lon="6.796650061849505"><ele>417.55999755859375</ele></trkpt><trkpt lat="46.473580091726035" lon="6.796690061688423"><ele>418.0999755859375</ele></trkpt><trkpt lat="46.47357009211555" lon="6.796730061993003"><ele>418.5</ele></trkpt><trkpt lat="46.47354009235278" lon="6.796890061814338"><ele>420.16998291015625</ele></trkpt><trkpt lat="46.47354009235278" lon="6.796910061966628"><ele>420.3999938964844</ele></trkpt><trkpt lat="46.47354009235278" lon="6.796920062042773"><ele>420.3999938964844</ele></trkpt><trkpt lat="46.47355009242892" lon="6.797000062186271"><ele>421.3899841308594</ele></trkpt><trkpt lat="46.47355009242892" lon="6.797010062262416"><ele>421.5699768066406</ele></trkpt><trkpt lat="46.47356009297073" lon="6.797110062558204"><ele>422.5999755859375</ele></trkpt><trkpt lat="46.47356009297073" lon="6.797210062388331"><ele>423.79998779296875</ele></trkpt><trkpt lat="46.473550093360245" lon="6.797280062455684"><ele>424.969970703125</ele></trkpt><trkpt lat="46.4735400932841" lon="6.797330062836409"><ele>425.6999816894531</ele></trkpt><trkpt lat="46.47354009374976" lon="6.797440063208342"><ele>427.90997314453125</ele></trkpt><trkpt lat="46.47353009460494" lon="6.797620063647628"><ele>431.1999816894531</ele></trkpt><trkpt lat="46.4735300950706" lon="6.797760063782334"><ele>433.55999755859375</ele></trkpt><trkpt lat="46.4735300950706" lon="6.797790064010769"><ele>434.0</ele></trkpt><trkpt lat="46.4735300950706" lon="6.797810064163059"><ele>434.40997314453125</ele></trkpt><trkpt lat="46.47359009599313" lon="6.7979800645262"><ele>437.8499755859375</ele></trkpt><trkpt lat="46.473620096221566" lon="6.7980600646696985"><ele>439.5</ele></trkpt><trkpt lat="46.473680096678436" lon="6.798190065193921"><ele>442.1999816894531</ele></trkpt><trkpt lat="46.47375009721145" lon="6.798320065252483"><ele>444.0</ele></trkpt><trkpt lat="46.473760097287595" lon="6.798350065015256"><ele>444.15997314453125</ele></trkpt><trkpt lat="46.473760097287595" lon="6.798380065243691"><ele>444.2699890136719</ele></trkpt><trkpt lat="46.473760097287595" lon="6.798460065387189"><ele>444.5999755859375</ele></trkpt><trkpt lat="46.47381009720266" lon="6.798500065226108"><ele>445.5999755859375</ele></trkpt><trkpt lat="46.47386009758338" lon="6.7985500656068325"><ele>447.1999816894531</ele></trkpt><trkpt lat="46.47391009796411" lon="6.798600065987557"><ele>448.5999755859375</ele></trkpt><trkpt lat="46.473990098107606" lon="6.798720065969974"><ele>449.8999938964844</ele></trkpt><trkpt lat="46.474010098259896" lon="6.7987600662745535"><ele>450.3199768066406</ele></trkpt><trkpt lat="46.47404009848833" lon="6.798800066113472"><ele>450.5999755859375</ele></trkpt><trkpt lat="46.47404009848833" lon="6.798810066189617"><ele>450.6099853515625</ele></trkpt><trkpt lat="46.474070098251104" lon="6.79886006610468"><ele>450.5</ele></trkpt><trkpt lat="46.47408009832725" lon="6.798890065867454"><ele>449.8999938964844</ele></trkpt><trkpt lat="46.47408009832725" lon="6.798900065943599"><ele>449.6999816894531</ele></trkpt><trkpt lat="46.47408009832725" lon="6.798940065782517"><ele>449.0999755859375</ele></trkpt><trkpt lat="46.47407009778544" lon="6.798990065697581"><ele>448.3999938964844</ele></trkpt><trkpt lat="46.474050098098814" lon="6.799040065612644"><ele>448.0999755859375</ele></trkpt><trkpt lat="46.474050098098814" lon="6.799110065679997"><ele>448.0</ele></trkpt><trkpt lat="46.474050098098814" lon="6.799150065984577"><ele>448.0999755859375</ele></trkpt><trkpt lat="46.474050098098814" lon="6.7991700656712055"><ele>448.29998779296875</ele></trkpt><trkpt lat="46.47406009817496" lon="6.799230065662414"><ele>449.0999755859375</ele></trkpt><trkpt lat="46.4741000989452" lon="6.799410066567361"><ele>452.5</ele></trkpt><trkpt lat="46.47411009948701" lon="6.799510066863149"><ele>454.8999938964844</ele></trkpt><trkpt lat="46.47412009956315" lon="6.799560066778213"><ele>456.29998779296875</ele></trkpt><trkpt lat="46.47416010033339" lon="6.7997100674547255"><ele>459.5</ele></trkpt><trkpt lat="46.474180100951344" lon="6.799860067665577"><ele>462.239990234375</ele></trkpt><trkpt lat="46.474180100951344" lon="6.799860067665577"><ele>462.1999816894531</ele></trkpt><trkpt lat="46.4741701008752" lon="6.799900067504495"><ele>462.1099853515625</ele></trkpt><trkpt lat="46.474160100799054" lon="6.799970067571849"><ele>462.0299987792969</ele></trkpt><trkpt lat="46.474160100799054" lon="6.799980067647994"><ele>462.0199890136719</ele></trkpt><trkpt lat="46.47411010088399" lon="6.800070067867637"><ele>462.8999938964844</ele></trkpt><trkpt lat="46.4740401012823" lon="6.80016006808728"><ele>463.8999938964844</ele></trkpt><trkpt lat="46.47402010113001" lon="6.800220068078488"><ele>464.29998779296875</ele></trkpt><trkpt lat="46.47400010097772" lon="6.8002700679935515"><ele>464.6299743652344</ele></trkpt><trkpt lat="46.47396010160446" lon="6.800490068271756"><ele>465.6999816894531</ele></trkpt><trkpt lat="46.4739101016894" lon="6.800760067999363"><ele>466.5</ele></trkpt><trkpt lat="46.4739101016894" lon="6.800760067999363"><ele>466.489990234375</ele></trkpt><trkpt lat="46.47390010161325" lon="6.800830068066716"><ele>466.5899963378906</ele></trkpt><trkpt lat="46.47389010153711" lon="6.800920068286359"><ele>466.79998779296875</ele></trkpt><trkpt lat="46.47388010146096" lon="6.8010000684298575"><ele>466.969970703125</ele></trkpt><trkpt lat="46.473860101774335" lon="6.801220068242401"><ele>467.5999755859375</ele></trkpt><trkpt lat="46.47385010169819" lon="6.801310068462044"><ele>467.8999938964844</ele></trkpt><trkpt lat="46.47385010169819" lon="6.801380068529397"><ele>468.0</ele></trkpt><trkpt lat="46.473860101774335" lon="6.801430068444461"><ele>468.1499938964844</ele></trkpt><trkpt lat="46.47387010185048" lon="6.801470068283379"><ele>468.1999816894531</ele></trkpt><trkpt lat="46.473880101926625" lon="6.801600068341941"><ele>468.5</ele></trkpt><trkpt lat="46.473880101926625" lon="6.801680068485439"><ele>468.5999755859375</ele></trkpt><trkpt lat="46.47387010185048" lon="6.801710068713874"><ele>468.65997314453125</ele></trkpt><trkpt lat="46.473860102239996" lon="6.801770068705082"><ele>468.6999816894531</ele></trkpt><trkpt lat="46.47385010216385" lon="6.801860068459064"><ele>468.79998779296875</ele></trkpt><trkpt lat="46.47385010216385" lon="6.8020700686611235"><ele>469.0099792480469</ele></trkpt><trkpt lat="46.47385010216385" lon="6.8020800687372684"><ele>469.0299987792969</ele></trkpt><trkpt lat="46.47383010201156" lon="6.802300068549812"><ele>469.3599853515625</ele></trkpt><trkpt lat="46.47381010232493" lon="6.802500068675727"><ele>469.79998779296875</ele></trkpt><trkpt lat="46.47381010232493" lon="6.80257006874308"><ele>469.989990234375</ele></trkpt><trkpt lat="46.47381010232493" lon="6.802640068810433"><ele>470.15997314453125</ele></trkpt><trkpt lat="46.47381010232493" lon="6.802640068810433"><ele>470.1999816894531</ele></trkpt><trkpt lat="46.47384010255337" lon="6.8027000688016415"><ele>470.3899841308594</ele></trkpt><trkpt lat="46.47385010216385" lon="6.802730068564415"><ele>470.5999755859375</ele></trkpt><trkpt lat="46.47387010231614" lon="6.802810068707913"><ele>470.97998046875</ele></trkpt><trkpt lat="46.47387010231614" lon="6.802820068784058"><ele>471.0</ele></trkpt><trkpt lat="46.473880102392286" lon="6.80293006869033"><ele>471.5</ele></trkpt><trkpt lat="46.4738701027818" lon="6.803060069214553"><ele>472.1999816894531</ele></trkpt><trkpt lat="46.473870103247464" lon="6.803300069179386"><ele>473.79998779296875</ele></trkpt><trkpt lat="46.47386010317132" lon="6.803370069246739"><ele>474.1999816894531</ele></trkpt><trkpt lat="46.4738201033324" lon="6.8035400696098804"><ele>475.6999816894531</ele></trkpt><trkpt lat="46.47379010356963" lon="6.803660069592297"><ele>476.79998779296875</ele></trkpt><trkpt lat="46.47376010380685" lon="6.80377006996423"><ele>477.9399719238281</ele></trkpt><trkpt lat="46.47376010380685" lon="6.803790069650859"><ele>478.0</ele></trkpt><trkpt lat="46.47376010380685" lon="6.8038100698031485"><ele>478.25</ele></trkpt><trkpt lat="46.47375010419637" lon="6.803880069870502"><ele>478.79998779296875</ele></trkpt><trkpt lat="46.47373010404408" lon="6.8039800697006285"><ele>479.25</ele></trkpt><trkpt lat="46.47373010404408" lon="6.8039800697006285"><ele>479.2599792480469</ele></trkpt><trkpt lat="46.47373010404408" lon="6.80398007016629"><ele>479.29998779296875</ele></trkpt><trkpt lat="46.47373010404408" lon="6.804010069929063"><ele>479.3399963378906</ele></trkpt><trkpt lat="46.47373010404408" lon="6.804050069767982"><ele>479.3999938964844</ele></trkpt><trkpt lat="46.473740104585886" lon="6.804220070131123"><ele>480.6999816894531</ele></trkpt><trkpt lat="46.473740104585886" lon="6.8042600699700415"><ele>480.6999816894531</ele></trkpt><trkpt lat="46.47373010450974" lon="6.804290070198476"><ele>480.989990234375</ele></trkpt><trkpt lat="46.47373010450974" lon="6.804310070350766"><ele>481.1999816894531</ele></trkpt><trkpt lat="46.473720104433596" lon="6.80436007026583"><ele>481.5999755859375</ele></trkpt><trkpt lat="46.47371010482311" lon="6.804410070180893"><ele>482.0999755859375</ele></trkpt><trkpt lat="46.473630105145276" lon="6.804690070450306"><ele>484.5299987792969</ele></trkpt><trkpt lat="46.47355010546744" lon="6.805000070948154"><ele>487.0</ele></trkpt><trkpt lat="46.473540105856955" lon="6.8050300711765885"><ele>487.3299865722656</ele></trkpt><trkpt lat="46.473520105704665" lon="6.80512007093057"><ele>488.2099914550781</ele></trkpt><trkpt lat="46.47350010601804" lon="6.805220071226358"><ele>489.0999755859375</ele></trkpt><trkpt lat="46.47349010640755" lon="6.805290071293712"><ele>489.6999816894531</ele></trkpt><trkpt lat="46.47349010640755" lon="6.80535007128492"><ele>490.5</ele></trkpt><trkpt lat="46.47351010655984" lon="6.805470071732998"><ele>491.79998779296875</ele></trkpt><trkpt lat="46.47352010663599" lon="6.805520071648061"><ele>492.5999755859375</ele></trkpt><trkpt lat="46.47355010686442" lon="6.8055900717154145"><ele>493.6999816894531</ele></trkpt><trkpt lat="46.47360010724515" lon="6.805640072096139"><ele>494.8999938964844</ele></trkpt><trkpt lat="46.47363010747358" lon="6.805650072172284"><ele>495.5199890136719</ele></trkpt><trkpt lat="46.47375010792166" lon="6.805700072553009"><ele>497.8999938964844</ele></trkpt><trkpt lat="46.47382010798901" lon="6.8057400728575885"><ele>499.489990234375</ele></trkpt><trkpt lat="46.47388010844588" lon="6.805810072924942"><ele>501.30999755859375</ele></trkpt><trkpt lat="46.47389010852203" lon="6.805820073001087"><ele>501.4999694824219</ele></trkpt><trkpt lat="46.47390010859817" lon="6.80585007276386"><ele>501.8899841308594</ele></trkpt><trkpt lat="46.47390010859817" lon="6.805880072992295"><ele>502.16998291015625</ele></trkpt><trkpt lat="46.47390010859817" lon="6.805880072992295"><ele>502.1999816894531</ele></trkpt><trkpt lat="46.47390010859817" lon="6.80589007306844"><ele>502.1499938964844</ele></trkpt><trkpt lat="46.47385010868311" lon="6.805990072898567"><ele>502.0</ele></trkpt><trkpt lat="46.473840108606964" lon="6.8060200731270015"><ele>501.8899841308594</ele></trkpt><trkpt lat="46.47383010853082" lon="6.80606007296592"><ele>501.79998779296875</ele></trkpt><trkpt lat="46.47381010837853" lon="6.806180072948337"><ele>501.6899719238281</ele></trkpt><trkpt lat="46.473800108768046" lon="6.806330073159188"><ele>501.79998779296875</ele></trkpt><trkpt lat="46.47377010853961" lon="6.806500073056668"><ele>501.8999938964844</ele></trkpt><trkpt lat="46.473760108463466" lon="6.806650072801858"><ele>502.0</ele></trkpt><trkpt lat="46.47372010862455" lon="6.806770072784275"><ele>502.05999755859375</ele></trkpt><trkpt lat="46.47372010862455" lon="6.80678007286042"><ele>502.0999755859375</ele></trkpt><trkpt lat="46.473690108861774" lon="6.806850072927773"><ele>502.0999755859375</ele></trkpt><trkpt lat="46.473650108557194" lon="6.806910072918981"><ele>502.1999816894531</ele></trkpt><trkpt lat="46.473610108718276" lon="6.806980072986335"><ele>502.29998779296875</ele></trkpt><trkpt lat="46.47360010864213" lon="6.807030072901398"><ele>502.3999938964844</ele></trkpt><trkpt lat="46.4735801089555" lon="6.807110073044896"><ele>502.3999938964844</ele></trkpt><trkpt lat="46.47357010887936" lon="6.807180073112249"><ele>502.4399719238281</ele></trkpt><trkpt lat="46.47356010880321" lon="6.807200073264539"><ele>502.3999938964844</ele></trkpt><trkpt lat="46.47354010865092" lon="6.807380073238164"><ele>502.3999938964844</ele></trkpt><trkpt lat="46.47349010873586" lon="6.808020072989166"><ele>502.0</ele></trkpt><trkpt lat="46.473460108507425" lon="6.808240072801709"><ele>501.7699890136719</ele></trkpt><trkpt lat="46.47345010843128" lon="6.808310072869062"><ele>501.6999816894531</ele></trkpt><trkpt lat="46.473400108516216" lon="6.808490072842687"><ele>501.5999755859375</ele></trkpt><trkpt lat="46.47335010860115" lon="6.808640073053539"><ele>501.4999694824219</ele></trkpt><trkpt lat="46.47332010837272" lon="6.808780072722584"><ele>501.0699768066406</ele></trkpt><trkpt lat="46.473290108609945" lon="6.808870072942227"><ele>500.79998779296875</ele></trkpt><trkpt lat="46.47326010838151" lon="6.808950072620064"><ele>500.239990234375</ele></trkpt><trkpt lat="46.473210108000785" lon="6.809110072441399"><ele>498.9399719238281</ele></trkpt><trkpt lat="46.47314010746777" lon="6.809320072177798"><ele>496.5999755859375</ele></trkpt><trkpt lat="46.47308010747656" lon="6.809430072084069"><ele>495.1399841308594</ele></trkpt><trkpt lat="46.47304010717198" lon="6.809520071838051"><ele>494.0</ele></trkpt><trkpt lat="46.472710106056184" lon="6.810360071249306"><ele>488.3999938964844</ele></trkpt><trkpt lat="46.47270010598004" lon="6.8104300713166595"><ele>488.1099853515625</ele></trkpt><trkpt lat="46.47268010582775" lon="6.810520071070641"><ele>487.6999816894531</ele></trkpt><trkpt lat="46.472670105751604" lon="6.8106000712141395"><ele>487.3999938964844</ele></trkpt><trkpt lat="46.472670105751604" lon="6.810660071205348"><ele>487.0999755859375</ele></trkpt><trkpt lat="46.47268010536209" lon="6.810830071102828"><ele>486.3999938964844</ele></trkpt><trkpt lat="46.47268010536209" lon="6.810990070924163"><ele>485.78997802734375</ele></trkpt><trkpt lat="46.47268010536209" lon="6.811080070678145"><ele>485.3999938964844</ele></trkpt><trkpt lat="46.47269010543823" lon="6.811130070593208"><ele>485.2599792480469</ele></trkpt><trkpt lat="46.47271010512486" lon="6.811340070795268"><ele>484.5999755859375</ele></trkpt><trkpt lat="46.472720105201006" lon="6.811470070853829"><ele>484.16998291015625</ele></trkpt><trkpt lat="46.47278010472655" lon="6.812090070452541"><ele>481.29998779296875</ele></trkpt><trkpt lat="46.47278010426089" lon="6.812180070206523"><ele>480.5</ele></trkpt><trkpt lat="46.47277010418475" lon="6.812330069951713"><ele>479.5</ele></trkpt><trkpt lat="46.47277010418475" lon="6.81245006993413"><ele>478.66998291015625</ele></trkpt><trkpt lat="46.472770103719085" lon="6.812560069840401"><ele>477.8999938964844</ele></trkpt><trkpt lat="46.472770103719085" lon="6.812580069992691"><ele>477.8399963378906</ele></trkpt><trkpt lat="46.47278010379523" lon="6.812670069746673"><ele>477.29998779296875</ele></trkpt><trkpt lat="46.472790103871375" lon="6.8127100695855916"><ele>477.1899719238281</ele></trkpt><trkpt lat="46.472810103558004" lon="6.81281006988138"><ele>476.8999938964844</ele></trkpt><trkpt lat="46.47290010377765" lon="6.813280069734901"><ele>476.78997802734375</ele></trkpt><trkpt lat="46.472940103616565" lon="6.8135200696997344"><ele>477.1999816894531</ele></trkpt><trkpt lat="46.47301010414958" lon="6.814020069781691"><ele>478.79998779296875</ele></trkpt><trkpt lat="46.47303010383621" lon="6.814100069925189"><ele>478.7599792480469</ele></trkpt><trkpt lat="46.4730501039885" lon="6.814170069992542"><ele>478.719970703125</ele></trkpt><trkpt lat="46.47306010406464" lon="6.814210069831461"><ele>478.6999816894531</ele></trkpt><trkpt lat="46.473150103818625" lon="6.8144100699573755"><ele>478.8999938964844</ele></trkpt><trkpt lat="46.47318010404706" lon="6.814480070024729"><ele>479.1499938964844</ele></trkpt><trkpt lat="46.47320010419935" lon="6.814520069863647"><ele>479.29998779296875</ele></trkpt><trkpt lat="46.47322010435164" lon="6.81463007023558"><ele>479.6999816894531</ele></trkpt><trkpt lat="46.473230104427785" lon="6.814640070311725"><ele>479.7699890136719</ele></trkpt><trkpt lat="46.473250104580075" lon="6.814910070039332"><ele>480.6999816894531</ele></trkpt><trkpt lat="46.4732701042667" lon="6.8149700704962015"><ele>480.7599792480469</ele></trkpt><trkpt lat="46.4732701042667" lon="6.81499007018283"><ele>480.7699890136719</ele></trkpt><trkpt lat="46.4732701042667" lon="6.81499007018283"><ele>480.7699890136719</ele></trkpt><trkpt lat="46.47331010457128" lon="6.815070070326328"><ele>480.6999816894531</ele></trkpt><trkpt lat="46.4733501044102" lon="6.8151500704698265"><ele>480.79998779296875</ele></trkpt><trkpt lat="46.473440104629844" lon="6.815290070604533"><ele>481.5</ele></trkpt><trkpt lat="46.47360010491684" lon="6.815510070882738"><ele>483.5999755859375</ele></trkpt><trkpt lat="46.47360010491684" lon="6.815510070417076"><ele>483.5699768066406</ele></trkpt><trkpt lat="46.473590104840696" lon="6.815540070645511"><ele>483.5299987792969</ele></trkpt><trkpt lat="46.47357010515407" lon="6.815650070551783"><ele>483.3999938964844</ele></trkpt><trkpt lat="46.473480104934424" lon="6.816070070490241"><ele>482.3999938964844</ele></trkpt><trkpt lat="46.47345010470599" lon="6.816270070616156"><ele>481.55999755859375</ele></trkpt><trkpt lat="46.473440104629844" lon="6.816340070217848"><ele>481.1999816894531</ele></trkpt><trkpt lat="46.4734301045537" lon="6.8164500701241195"><ele>480.79998779296875</ele></trkpt><trkpt lat="46.4734301045537" lon="6.816540070343763"><ele>480.3999938964844</ele></trkpt><trkpt lat="46.47344010416418" lon="6.816760070156306"><ele>479.3999938964844</ele></trkpt><trkpt lat="46.47345010377467" lon="6.817060070112348"><ele>477.8999938964844</ele></trkpt><trkpt lat="46.473470103461295" lon="6.817500069737434"><ele>475.8999938964844</ele></trkpt><trkpt lat="46.47348010353744" lon="6.817520069424063"><ele>475.8499755859375</ele></trkpt><trkpt lat="46.47348010353744" lon="6.817590069491416"><ele>475.5999755859375</ele></trkpt><trkpt lat="46.47348010353744" lon="6.817760069388896"><ele>475.4399719238281</ele></trkpt><trkpt lat="46.47348010353744" lon="6.817850069608539"><ele>475.4399719238281</ele></trkpt><trkpt lat="46.47348010353744" lon="6.817980069667101"><ele>475.5</ele></trkpt><trkpt lat="46.473470103461295" lon="6.818150069564581"><ele>475.5999755859375</ele></trkpt><trkpt lat="46.473470103461295" lon="6.818300069775432"><ele>475.6999816894531</ele></trkpt><trkpt lat="46.47346010338515" lon="6.818520069587976"><ele>475.79998779296875</ele></trkpt><trkpt lat="46.473450103309005" lon="6.818670069798827"><ele>475.8999938964844</ele></trkpt><trkpt lat="46.47341010347009" lon="6.8193500698544085"><ele>476.3299865722656</ele></trkpt><trkpt lat="46.47339010378346" lon="6.819780069869012"><ele>477.1999816894531</ele></trkpt><trkpt lat="46.473360104020685" lon="6.820330069866031"><ele>478.79998779296875</ele></trkpt><trkpt lat="46.47335010394454" lon="6.820520070381463"><ele>479.3899841308594</ele></trkpt><trkpt lat="46.47332010418177" lon="6.820850070100278"><ele>480.5699768066406</ele></trkpt><trkpt lat="46.47331010457128" lon="6.820910070557147"><ele>480.79998779296875</ele></trkpt><trkpt lat="46.47314010420814" lon="6.822000070475042"><ele>480.0999755859375</ele></trkpt><trkpt lat="46.473130104132" lon="6.822080070152879"><ele>479.6999816894531</ele></trkpt><trkpt lat="46.473130104132" lon="6.822110070381314"><ele>479.5999755859375</ele></trkpt><trkpt lat="46.47312010405585" lon="6.822260070126504"><ele>478.8999938964844</ele></trkpt><trkpt lat="46.47312010405585" lon="6.822490070015192"><ele>478.0</ele></trkpt><trkpt lat="46.473130103666335" lon="6.822680070064962"><ele>477.17999267578125</ele></trkpt><trkpt lat="46.47314010374248" lon="6.822840069886297"><ele>476.5299987792969</ele></trkpt><trkpt lat="46.47314010327682" lon="6.82306006969884"><ele>475.5999755859375</ele></trkpt><trkpt lat="46.47316010296345" lon="6.823270069435239"><ele>474.5999755859375</ele></trkpt><trkpt lat="46.47318010311574" lon="6.8235500692389905"><ele>473.8399963378906</ele></trkpt><trkpt lat="46.47319010319188" lon="6.823610069230199"><ele>473.8199768066406</ele></trkpt><trkpt lat="46.47319010319188" lon="6.8236600696109235"><ele>473.79998779296875</ele></trkpt><trkpt lat="46.47319010319188" lon="6.823730069678277"><ele>473.8999938964844</ele></trkpt><trkpt lat="46.47319010319188" lon="6.823750069364905"><ele>473.9399719238281</ele></trkpt><trkpt lat="46.47318010311574" lon="6.82378006959334"><ele>474.0</ele></trkpt><trkpt lat="46.47316010342911" lon="6.823960069566965"><ele>475.1099853515625</ele></trkpt><trkpt lat="46.47316010342911" lon="6.82397006964311"><ele>475.17999267578125</ele></trkpt><trkpt lat="46.47314010327682" lon="6.8241100697778165"><ele>476.0</ele></trkpt><trkpt lat="46.473130103666335" lon="6.8242800696752965"><ele>476.5</ele></trkpt><trkpt lat="46.473130103666335" lon="6.824340069666505"><ele>476.5899963378906</ele></trkpt><trkpt lat="46.473130103666335" lon="6.824450070038438"><ele>476.6999816894531</ele></trkpt><trkpt lat="46.47312010359019" lon="6.824580069631338"><ele>476.6199951171875</ele></trkpt><trkpt lat="46.47312010359019" lon="6.824640069622546"><ele>476.5999755859375</ele></trkpt><trkpt lat="46.47312010359019" lon="6.824870069976896"><ele>476.1999816894531</ele></trkpt><trkpt lat="46.47312010359019" lon="6.824890069663525"><ele>476.16998291015625</ele></trkpt><trkpt lat="46.473150103352964" lon="6.825160069856793"><ele>475.8999938964844</ele></trkpt><trkpt lat="46.47319010319188" lon="6.825590069871396"><ele>475.75</ele></trkpt><trkpt lat="46.47324010357261" lon="6.825990069657564"><ele>476.3199768066406</ele></trkpt><trkpt lat="46.47324010357261" lon="6.825990069657564"><ele>476.3999938964844</ele></trkpt><trkpt lat="46.47325010364875" lon="6.826060069724917"><ele>476.5299987792969</ele></trkpt><trkpt lat="46.47325010364875" lon="6.826060069724917"><ele>476.5</ele></trkpt><trkpt lat="46.4732601037249" lon="6.826130069792271"><ele>476.719970703125</ele></trkpt><trkpt lat="46.47327010380104" lon="6.8261600700207055"><ele>476.79998779296875</ele></trkpt><trkpt lat="46.473300103563815" lon="6.826400069985539"><ele>476.8999938964844</ele></trkpt><trkpt lat="46.47331010363996" lon="6.8265300700441"><ele>476.6999816894531</ele></trkpt><trkpt lat="46.47331010363996" lon="6.826600069645792"><ele>476.53997802734375</ele></trkpt><trkpt lat="46.473300103563815" lon="6.8268400696106255"><ele>476.0699768066406</ele></trkpt><trkpt lat="46.473300103563815" lon="6.826900069601834"><ele>475.8999938964844</ele></trkpt><trkpt lat="46.473300103563815" lon="6.826930069830269"><ele>475.8899841308594</ele></trkpt><trkpt lat="46.473280103411525" lon="6.827010069973767"><ele>475.79998779296875</ele></trkpt><trkpt lat="46.47327010333538" lon="6.827080069575459"><ele>475.6099853515625</ele></trkpt><trkpt lat="46.47327010333538" lon="6.827150069642812"><ele>475.5</ele></trkpt><trkpt lat="46.47325010318309" lon="6.82723006978631"><ele>475.29998779296875</ele></trkpt><trkpt lat="46.47322010342032" lon="6.827340069692582"><ele>475.0699768066406</ele></trkpt><trkpt lat="46.47317010303959" lon="6.827610069420189"><ele>474.3999938964844</ele></trkpt><trkpt lat="46.47302010236308" lon="6.828220069408417"><ele>471.5999755859375</ele></trkpt><trkpt lat="46.47296010237187" lon="6.828480069059879"><ele>470.29998779296875</ele></trkpt><trkpt lat="46.47288010222837" lon="6.828770068939775"><ele>468.79998779296875</ele></trkpt><trkpt lat="46.47287010215223" lon="6.828790068626404"><ele>468.6999816894531</ele></trkpt><trkpt lat="46.472840101923794" lon="6.828860068693757"><ele>468.1999816894531</ele></trkpt><trkpt lat="46.47283010184765" lon="6.8289000685326755"><ele>467.989990234375</ele></trkpt><trkpt lat="46.472820101771504" lon="6.828940068837255"><ele>467.6999816894531</ele></trkpt><trkpt lat="46.472780101466924" lon="6.828990068752319"><ele>467.2599792480469</ele></trkpt><trkpt lat="46.47275010170415" lon="6.829010068438947"><ele>466.9499816894531</ele></trkpt><trkpt lat="46.472720101475716" lon="6.829050068743527"><ele>466.5999755859375</ele></trkpt><trkpt lat="46.47266010148451" lon="6.8290700684301555"><ele>466.0999755859375</ele></trkpt><trkpt lat="46.472610101569444" lon="6.829090068582445"><ele>465.5999755859375</ele></trkpt><trkpt lat="46.47248010104522" lon="6.829060068354011"><ele>464.79998779296875</ele></trkpt><trkpt lat="46.47245010128245" lon="6.829050068277866"><ele>464.5</ele></trkpt><trkpt lat="46.47241010097787" lon="6.829020068049431"><ele>464.3899841308594</ele></trkpt><trkpt lat="46.472380101215094" lon="6.829000068362802"><ele>464.29998779296875</ele></trkpt><trkpt lat="46.472380101215094" lon="6.829000068362802"><ele>464.2699890136719</ele></trkpt><trkpt lat="46.47239010129124" lon="6.829100068192929"><ele>464.5999755859375</ele></trkpt><trkpt lat="46.47241010097787" lon="6.829160068184137"><ele>464.8199768066406</ele></trkpt><trkpt lat="46.47242010105401" lon="6.829210068564862"><ele>465.0</ele></trkpt><trkpt lat="46.47247010143474" lon="6.829350068233907"><ele>465.3999938964844</ele></trkpt><trkpt lat="46.47248010151088" lon="6.829390068538487"><ele>465.5799865722656</ele></trkpt><trkpt lat="46.47264010179788" lon="6.8298000688664615"><ele>467.3999938964844</ele></trkpt><trkpt lat="46.47277010185644" lon="6.830160068813711"><ele>469.2099914550781</ele></trkpt><trkpt lat="46.47281010216102" lon="6.830290068872273"><ele>470.0</ele></trkpt><trkpt lat="46.4728501024656" lon="6.830370069015771"><ele>470.5999755859375</ele></trkpt><trkpt lat="46.4728501024656" lon="6.830380069091916"><ele>470.5799865722656</ele></trkpt><trkpt lat="46.47289010230452" lon="6.830440069083124"><ele>471.29998779296875</ele></trkpt><trkpt lat="46.47295010276139" lon="6.830510069150478"><ele>472.1199951171875</ele></trkpt><trkpt lat="46.47295010276139" lon="6.830520069226623"><ele>472.2099914550781</ele></trkpt><trkpt lat="46.47314010327682" lon="6.830730069894344"><ele>475.1999816894531</ele></trkpt><trkpt lat="46.47325010364875" lon="6.830860069952905"><ele>477.0</ele></trkpt><trkpt lat="46.47327010380104" lon="6.830880070105195"><ele>477.3999938964844</ele></trkpt><trkpt lat="46.47333010379225" lon="6.830940070096403"><ele>478.2599792480469</ele></trkpt><trkpt lat="46.47333010379225" lon="6.830940070096403"><ele>478.1999816894531</ele></trkpt><trkpt lat="46.47333010379225" lon="6.830940070096403"><ele>478.219970703125</ele></trkpt><trkpt lat="46.47333010379225" lon="6.830940070096403"><ele>478.2099914550781</ele></trkpt><trkpt lat="46.47329010395333" lon="6.831010070163757"><ele>477.3999938964844</ele></trkpt><trkpt lat="46.47324010357261" lon="6.83106007007882"><ele>476.1999816894531</ele></trkpt><trkpt lat="46.473150103352964" lon="6.831140069756657"><ele>474.55999755859375</ele></trkpt><trkpt lat="46.47314010327682" lon="6.831140069756657"><ele>474.489990234375</ele></trkpt><trkpt lat="46.47310010297224" lon="6.8311600694432855"><ele>473.8999938964844</ele></trkpt><trkpt lat="46.472970102448016" lon="6.831220069434494"><ele>471.8999938964844</ele></trkpt><trkpt lat="46.47295010276139" lon="6.831240069121122"><ele>471.6299743652344</ele></trkpt><trkpt lat="46.47294010268524" lon="6.831260069273412"><ele>471.29998779296875</ele></trkpt><trkpt lat="46.47291010245681" lon="6.831270069349557"><ele>470.91998291015625</ele></trkpt><trkpt lat="46.47290010238066" lon="6.831280068960041"><ele>470.6999816894531</ele></trkpt><trkpt lat="46.47288010222837" lon="6.8313200692646205"><ele>470.30999755859375</ele></trkpt><trkpt lat="46.47280010115355" lon="6.831610068213195"><ele>465.17999267578125</ele></trkpt><trkpt lat="46.4726900998503" lon="6.831910067703575"><ele>458.0999755859375</ele></trkpt><trkpt lat="46.47266009962186" lon="6.831960067152977"><ele>456.8999938964844</ele></trkpt><trkpt lat="46.47264009946957" lon="6.831990067381412"><ele>456.05999755859375</ele></trkpt><trkpt lat="46.47263009939343" lon="6.832000066991895"><ele>455.79998779296875</ele></trkpt><trkpt lat="46.47261009924114" lon="6.832020067144185"><ele>455.05999755859375</ele></trkpt><trkpt lat="46.47255009878427" lon="6.832070066593587"><ele>453.1999816894531</ele></trkpt><trkpt lat="46.47249009879306" lon="6.832110066432506"><ele>451.5299987792969</ele></trkpt><trkpt lat="46.47243009833619" lon="6.832170066423714"><ele>449.3999938964844</ele></trkpt><trkpt lat="46.47239009803161" lon="6.832210066262633"><ele>448.5699768066406</ele></trkpt><trkpt lat="46.47237009787932" lon="6.832240066025406"><ele>447.79998779296875</ele></trkpt><trkpt lat="46.472320097498596" lon="6.832280065864325"><ele>446.79998779296875</ele></trkpt><trkpt lat="46.47229009727016" lon="6.8322900659404695"><ele>446.0999755859375</ele></trkpt><trkpt lat="46.47227009758353" lon="6.8322900659404695"><ele>445.78997802734375</ele></trkpt><trkpt lat="46.47223009727895" lon="6.8322900659404695"><ele>445.1999816894531</ele></trkpt><trkpt lat="46.47222009720281" lon="6.832380065694451"><ele>445.17999267578125</ele></trkpt><trkpt lat="46.47220009751618" lon="6.8326400658115745"><ele>445.15997314453125</ele></trkpt><trkpt lat="46.472190097440034" lon="6.832720065955073"><ele>445.0999755859375</ele></trkpt><trkpt lat="46.4721600972116" lon="6.832950065843761"><ele>445.29998779296875</ele></trkpt><trkpt lat="46.47214009705931" lon="6.833110065665096"><ele>444.5999755859375</ele></trkpt><trkpt lat="46.47212009690702" lon="6.833190065808594"><ele>444.1999816894531</ele></trkpt><trkpt lat="46.47210009675473" lon="6.833300065714866"><ele>443.5999755859375</ele></trkpt><trkpt lat="46.4720800970681" lon="6.833380065392703"><ele>443.219970703125</ele></trkpt><trkpt lat="46.472050096839666" lon="6.83348006522283"><ele>442.6999816894531</ele></trkpt><trkpt lat="46.47202009661123" lon="6.833560065366328"><ele>442.2699890136719</ele></trkpt><trkpt lat="46.47201009653509" lon="6.833590065594763"><ele>442.1999816894531</ele></trkpt><trkpt lat="46.47201009653509" lon="6.833590065594763"><ele>442.1199951171875</ele></trkpt><trkpt lat="46.47197009669617" lon="6.833640065509826"><ele>441.75</ele></trkpt><trkpt lat="46.47197009669617" lon="6.83365006512031"><ele>441.6999816894531</ele></trkpt><trkpt lat="46.471900096628815" lon="6.833680065348744"><ele>441.0999755859375</ele></trkpt><trkpt lat="46.471900096628815" lon="6.833730065263808"><ele>440.8999938964844</ele></trkpt><trkpt lat="46.471900096628815" lon="6.833740065339953"><ele>440.9399719238281</ele></trkpt><trkpt lat="46.471900096628815" lon="6.833740065339953"><ele>440.8599853515625</ele></trkpt><trkpt lat="46.471900096628815" lon="6.833740065339953"><ele>440.90997314453125</ele></trkpt><trkpt lat="46.47189009655267" lon="6.833780065178871"><ele>440.719970703125</ele></trkpt><trkpt lat="46.47189009655267" lon="6.833780065178871"><ele>440.7099914550781</ele></trkpt><trkpt lat="46.471860096324235" lon="6.833850065246224"><ele>440.29998779296875</ele></trkpt><trkpt lat="46.471840096171945" lon="6.833890065085143"><ele>439.9499816894531</ele></trkpt><trkpt lat="46.47180009633303" lon="6.833970065228641"><ele>439.29998779296875</ele></trkpt><trkpt lat="46.47177009610459" lon="6.834020065143704"><ele>438.8599853515625</ele></trkpt><trkpt lat="46.47174009587616" lon="6.834060064982623"><ele>438.4399719238281</ele></trkpt><trkpt lat="46.47174009587616" lon="6.834070065058768"><ele>438.3399963378906</ele></trkpt><trkpt lat="46.471690095961094" lon="6.834170064888895"><ele>437.739990234375</ele></trkpt><trkpt lat="46.471690095961094" lon="6.834170064888895"><ele>437.6999816894531</ele></trkpt><trkpt lat="46.471690095961094" lon="6.8341800649650395"><ele>437.75</ele></trkpt><trkpt lat="46.47173009580001" lon="6.834210064727813"><ele>438.0</ele></trkpt><trkpt lat="46.47176009602845" lon="6.834250065032393"><ele>438.739990234375</ele></trkpt><trkpt lat="46.47180009633303" lon="6.834320065099746"><ele>439.8999938964844</ele></trkpt><trkpt lat="46.4718600967899" lon="6.834390065167099"><ele>441.6299743652344</ele></trkpt><trkpt lat="46.47187009686604" lon="6.834410065319389"><ele>442.0</ele></trkpt><trkpt lat="46.471920096781105" lon="6.834450065623969"><ele>443.0999755859375</ele></trkpt><trkpt lat="46.47195009700954" lon="6.834470065776259"><ele>443.6299743652344</ele></trkpt><trkpt lat="46.471960097085685" lon="6.834480065386742"><ele>443.79998779296875</ele></trkpt><trkpt lat="46.47203009715304" lon="6.834520065691322"><ele>445.29998779296875</ele></trkpt><trkpt lat="46.47206009738147" lon="6.834550065919757"><ele>446.29998779296875</ele></trkpt><trkpt lat="46.47213009791449" lon="6.83466006629169"><ele>448.1999816894531</ele></trkpt><trkpt lat="46.47219009837136" lon="6.834810066502541"><ele>451.1299743652344</ele></trkpt><trkpt lat="46.47221009852365" lon="6.834860066883266"><ele>452.1199951171875</ele></trkpt><trkpt lat="46.47228009952232" lon="6.835030067246407"><ele>455.5999755859375</ele></trkpt><trkpt lat="46.47229009959847" lon="6.835060067474842"><ele>456.1299743652344</ele></trkpt><trkpt lat="46.47231009975076" lon="6.83512006746605"><ele>456.8999938964844</ele></trkpt><trkpt lat="46.4723200998269" lon="6.83512006746605"><ele>457.0999755859375</ele></trkpt><trkpt lat="46.47234009951353" lon="6.83512006746605"><ele>457.3599853515625</ele></trkpt><trkpt lat="46.47236009966582" lon="6.83512006746605"><ele>457.75</ele></trkpt><trkpt lat="46.472430100198835" lon="6.835130067542195"><ele>459.54998779296875</ele></trkpt><trkpt lat="46.47242010012269" lon="6.835100067779422"><ele>459.489990234375</ele></trkpt><trkpt lat="46.472350100521" lon="6.835080067627132"><ele>460.25</ele></trkpt><trkpt lat="46.47232010029256" lon="6.835070068016648"><ele>460.3799743652344</ele></trkpt><trkpt lat="46.47232010029256" lon="6.835150067694485"><ele>460.92999267578125</ele></trkpt><trkpt lat="46.47231010114774" lon="6.835540068335831"><ele>463.3999938964844</ele></trkpt><trkpt lat="46.47231010114774" lon="6.835630068089813"><ele>463.79998779296875</ele></trkpt><trkpt lat="46.47231010114774" lon="6.835690068081021"><ele>463.8599853515625</ele></trkpt><trkpt lat="46.472300101071596" lon="6.835850068368018"><ele>464.2699890136719</ele></trkpt><trkpt lat="46.47231010114774" lon="6.836010068189353"><ele>464.79998779296875</ele></trkpt><trkpt lat="46.472360101528466" lon="6.836540068499744"><ele>466.9499816894531</ele></trkpt><trkpt lat="46.472380101680756" lon="6.836790069006383"><ele>467.92999267578125</ele></trkpt><trkpt lat="46.472400101833045" lon="6.836940068751574"><ele>468.53997802734375</ele></trkpt><trkpt lat="46.47243010206148" lon="6.83708006888628"><ele>469.04998779296875</ele></trkpt><trkpt lat="46.47247010236606" lon="6.837240069173276"><ele>469.6099853515625</ele></trkpt><trkpt lat="46.4725601025857" lon="6.837590069044381"><ele>471.03997802734375</ele></trkpt><trkpt lat="46.47259010234848" lon="6.837710069492459"><ele>471.5</ele></trkpt><trkpt lat="46.47261010296643" lon="6.8377800695598125"><ele>472.5299987792969</ele></trkpt><trkpt lat="46.4727201028727" lon="6.8382400698028505"><ele>473.55999755859375</ele></trkpt><trkpt lat="46.47274010302499" lon="6.838330069556832"><ele>474.0099792480469</ele></trkpt><trkpt lat="46.47278010332957" lon="6.83843006985262"><ele>474.5999755859375</ele></trkpt><trkpt lat="46.47282010316849" lon="6.838520069606602"><ele>475.2699890136719</ele></trkpt><trkpt lat="46.47287010354921" lon="6.838610069826245"><ele>476.04998779296875</ele></trkpt><trkpt lat="46.4728901037015" lon="6.83864007005468"><ele>476.3599853515625</ele></trkpt><trkpt lat="46.47278010332957" lon="6.838670069817454"><ele>474.65997314453125</ele></trkpt><trkpt lat="46.472670102491975" lon="6.838700069580227"><ele>472.3899841308594</ele></trkpt><trkpt lat="46.472630102653056" lon="6.838720069266856"><ele>471.7099914550781</ele></trkpt><trkpt lat="46.47261010250077" lon="6.838760069105774"><ele>471.2799987792969</ele></trkpt><trkpt lat="46.47260010242462" lon="6.838810069486499"><ele>471.0999755859375</ele></trkpt><trkpt lat="46.47259010234848" lon="6.838870069477707"><ele>470.9599914550781</ele></trkpt><trkpt lat="46.47268010210246" lon="6.839410068932921"><ele>469.7699890136719</ele></trkpt><trkpt lat="46.47277010185644" lon="6.839760068804026"><ele>468.7099914550781</ele></trkpt><trkpt lat="46.472890101373196" lon="6.840230068657547"><ele>466.80999755859375</ele></trkpt><trkpt lat="46.47292010160163" lon="6.840350068639964"><ele>466.22998046875</ele></trkpt><trkpt lat="46.472950101364404" lon="6.840500068385154"><ele>465.6299743652344</ele></trkpt><trkpt lat="46.47297010105103" lon="6.840630068443716"><ele>465.1299743652344</ele></trkpt><trkpt lat="46.47300010127947" lon="6.840880068484694"><ele>464.0999755859375</ele></trkpt><trkpt lat="46.47301010088995" lon="6.840920068323612"><ele>463.9499816894531</ele></trkpt><trkpt lat="46.473020100966096" lon="6.840960068162531"><ele>463.91998291015625</ele></trkpt><trkpt lat="46.47305010119453" lon="6.841070068534464"><ele>463.7599792480469</ele></trkpt><trkpt lat="46.4731601011008" lon="6.8414400685578585"><ele>464.3999938964844</ele></trkpt><trkpt lat="46.47326010139659" lon="6.84176006866619"><ele>465.3899841308594</ele></trkpt><trkpt lat="46.473310101311654" lon="6.841960068792105"><ele>466.0899963378906</ele></trkpt><trkpt lat="46.47334010154009" lon="6.842100068926811"><ele>466.489990234375</ele></trkpt><trkpt lat="46.473350101616234" lon="6.842180068604648"><ele>466.6899719238281</ele></trkpt><trkpt lat="46.47336010169238" lon="6.842270068824291"><ele>466.8799743652344</ele></trkpt><trkpt lat="46.47336010169238" lon="6.842350068967789"><ele>467.0099792480469</ele></trkpt><trkpt lat="46.47336010169238" lon="6.842600069008768"><ele>466.989990234375</ele></trkpt><trkpt lat="46.47336010169238" lon="6.842720068525523"><ele>466.72998046875</ele></trkpt><trkpt lat="46.47336010169238" lon="6.84284006850794"><ele>466.3599853515625</ele></trkpt><trkpt lat="46.473400101065636" lon="6.843140068463981"><ele>465.219970703125</ele></trkpt><trkpt lat="46.473420101217926" lon="6.843280068598688"><ele>464.9499816894531</ele></trkpt><trkpt lat="46.47343010129407" lon="6.843360068742186"><ele>465.0199890136719</ele></trkpt><trkpt lat="46.473460101522505" lon="6.8434800687246025"><ele>465.3799743652344</ele></trkpt><trkpt lat="46.47356010181829" lon="6.843820068985224"><ele>467.15997314453125</ele></trkpt><trkpt lat="46.47361010173336" lon="6.843990068882704"><ele>467.239990234375</ele></trkpt><trkpt lat="46.47363010188565" lon="6.844050068873912"><ele>467.3199768066406</ele></trkpt><trkpt lat="46.473690101411194" lon="6.8442800687626"><ele>466.1899719238281</ele></trkpt><trkpt lat="46.47373010125011" lon="6.844470068346709"><ele>464.97998046875</ele></trkpt><trkpt lat="46.47381010092795" lon="6.844890068285167"><ele>462.4399719238281</ele></trkpt><trkpt lat="46.47390010021627" lon="6.845390067901462"><ele>460.2799987792969</ele></trkpt><trkpt lat="46.473910100292414" lon="6.845440067816526"><ele>460.1199951171875</ele></trkpt><trkpt lat="46.47395010013133" lon="6.845580067951232"><ele>459.79998779296875</ele></trkpt><trkpt lat="46.474000100046396" lon="6.845730067696422"><ele>459.4599914550781</ele></trkpt><trkpt lat="46.474150099791586" lon="6.846180067863315"><ele>458.5699768066406</ele></trkpt><trkpt lat="46.47418010002002" lon="6.846270067617297"><ele>458.3599853515625</ele></trkpt><trkpt lat="46.47418010002002" lon="6.8463300676085055"><ele>458.239990234375</ele></trkpt><trkpt lat="46.474190100096166" lon="6.846390067599714"><ele>458.1299743652344</ele></trkpt><trkpt lat="46.47418010002002" lon="6.846460067667067"><ele>457.969970703125</ele></trkpt><trkpt lat="46.474170099943876" lon="6.84653006773442"><ele>457.78997802734375</ele></trkpt><trkpt lat="46.47414009971544" lon="6.846610067412257"><ele>457.6099853515625</ele></trkpt><trkpt lat="46.47411009995267" lon="6.8467000676319"><ele>457.5099792480469</ele></trkpt><trkpt lat="46.47408009972423" lon="6.846750067546964"><ele>457.3999938964844</ele></trkpt><trkpt lat="46.47393009951338" lon="6.846910067368299"><ele>457.22998046875</ele></trkpt><trkpt lat="46.47379009984434" lon="6.847050067503005"><ele>457.1499938964844</ele></trkpt><trkpt lat="46.47363009955734" lon="6.84721006732434"><ele>457.0299987792969</ele></trkpt><trkpt lat="46.47365010017529" lon="6.84725006762892"><ele>458.6299743652344</ele></trkpt><trkpt lat="46.47363009955734" lon="6.84721006732434"><ele>457.0299987792969</ele></trkpt><trkpt lat="46.47348009888083" lon="6.846970066893846"><ele>452.739990234375</ele></trkpt><trkpt lat="46.473270097747445" lon="6.846650066319853"><ele>447.719970703125</ele></trkpt><trkpt lat="46.47330009751022" lon="6.84656006610021"><ele>447.1999816894531</ele></trkpt><trkpt lat="46.473290097899735" lon="6.846550066024065"><ele>447.2099914550781</ele></trkpt><trkpt lat="46.47324009705335" lon="6.84652006579563"><ele>444.0199890136719</ele></trkpt><trkpt lat="46.473230096977204" lon="6.84652006579563"><ele>443.9599914550781</ele></trkpt><trkpt lat="46.47322009690106" lon="6.846510065719485"><ele>443.9499816894531</ele></trkpt><trkpt lat="46.47307009669021" lon="6.846420065499842"><ele>442.5899963378906</ele></trkpt><trkpt lat="46.473000096622854" lon="6.846320065669715"><ele>441.8399963378906</ele></trkpt><trkpt lat="46.47297009639442" lon="6.846280065365136"><ele>441.53997802734375</ele></trkpt><trkpt lat="46.47295009670779" lon="6.846250065602362"><ele>441.1299743652344</ele></trkpt><trkpt lat="46.47265009582043" lon="6.845860064961016"><ele>437.239990234375</ele></trkpt><trkpt lat="46.472460095304996" lon="6.845590064767748"><ele>435.2599792480469</ele></trkpt><trkpt lat="46.47232009470463" lon="6.845400064252317"><ele>433.2799987792969</ele></trkpt><trkpt lat="46.47220009472221" lon="6.8452500640414655"><ele>431.969970703125</ele></trkpt><trkpt lat="46.47211009450257" lon="6.845100063830614"><ele>430.7699890136719</ele></trkpt><trkpt lat="46.472040094435215" lon="6.844990063924342"><ele>429.9499816894531</ele></trkpt><trkpt lat="46.47196009429172" lon="6.844900063704699"><ele>429.2699890136719</ele></trkpt><trkpt lat="46.47172009386122" lon="6.8446900635026395"><ele>427.7599792480469</ele></trkpt><trkpt lat="46.47167009394616" lon="6.844650063663721"><ele>427.5</ele></trkpt><trkpt lat="46.471580093726516" lon="6.844600063282996"><ele>427.05999755859375</ele></trkpt><trkpt lat="46.47155009349808" lon="6.844570063520223"><ele>426.66998291015625</ele></trkpt><trkpt lat="46.47152009373531" lon="6.844530063215643"><ele>426.28997802734375</ele></trkpt><trkpt lat="46.47147009335458" lon="6.844430063385516"><ele>425.2599792480469</ele></trkpt><trkpt lat="46.47143009305" lon="6.844350063242018"><ele>424.6199951171875</ele></trkpt><trkpt lat="46.47127009276301" lon="6.843980062752962"><ele>422.5199890136719</ele></trkpt><trkpt lat="46.4712100927718" lon="6.843900063075125"><ele>422.3599853515625</ele></trkpt><trkpt lat="46.471160092856735" lon="6.843840062618256"><ele>422.16998291015625</ele></trkpt><trkpt lat="46.471120092552155" lon="6.843770063016564"><ele>422.03997802734375</ele></trkpt><trkpt lat="46.47103009279817" lon="6.843590062577277"><ele>421.79998779296875</ele></trkpt><trkpt lat="46.470950092654675" lon="6.843450062908232"><ele>421.6099853515625</ele></trkpt><trkpt lat="46.47086009243503" lon="6.8432400627061725"><ele>421.3599853515625</ele></trkpt><trkpt lat="46.47077009268105" lon="6.843080062884837"><ele>421.3699951171875</ele></trkpt><trkpt lat="46.47066009277478" lon="6.843160062562674"><ele>421.8299865722656</ele></trkpt><trkpt lat="46.470460092648864" lon="6.843300062697381"><ele>422.3599853515625</ele></trkpt><trkpt lat="46.470250092912465" lon="6.843440062832087"><ele>422.66998291015625</ele></trkpt><trkpt lat="46.470120092853904" lon="6.84353006305173"><ele>422.80999755859375</ele></trkpt><trkpt lat="46.470120092853904" lon="6.84353006305173"><ele>422.79998779296875</ele></trkpt><trkpt lat="46.47013009293005" lon="6.8433500630781054"><ele>422.5299987792969</ele></trkpt><trkpt lat="46.47013009293005" lon="6.8433400630019605"><ele>422.5099792480469</ele></trkpt><trkpt lat="46.47014009254053" lon="6.843160063028336"><ele>422.15997314453125</ele></trkpt><trkpt lat="46.47015009261668" lon="6.8430700628086925"><ele>421.969970703125</ele></trkpt><trkpt lat="46.47015009261668" lon="6.842990062665194"><ele>421.79998779296875</ele></trkpt><trkpt lat="46.47015009261668" lon="6.842990062665194"><ele>421.7799987792969</ele></trkpt><trkpt lat="46.470060092397034" lon="6.842990062665194"><ele>421.1399841308594</ele></trkpt><trkpt lat="46.469980092253536" lon="6.843000062741339"><ele>420.4599914550781</ele></trkpt><trkpt lat="46.46995009249076" lon="6.842850062530488"><ele>420.239990234375</ele></trkpt><trkpt lat="46.469870092347264" lon="6.842900062445551"><ele>419.6399841308594</ele></trkpt><trkpt lat="46.469810091890395" lon="6.84294006228447"><ele>419.3599853515625</ele></trkpt><trkpt lat="46.469770092051476" lon="6.8429500623606145"><ele>419.2599792480469</ele></trkpt><trkpt lat="46.46973009221256" lon="6.8429500623606145"><ele>419.1299743652344</ele></trkpt><trkpt lat="46.46968009183183" lon="6.842930062208325"><ele>418.969970703125</ele></trkpt><trkpt lat="46.46957009192556" lon="6.842840062454343"><ele>418.3999938964844</ele></trkpt></trkseg></trk></gpx>